2017-06-19 09:44:24,26541,"[log: 'Client log', msg: 'User is paused content_id : 85173 : of unit :  : of Course : 3356 : video : AZbCTg8otRc : kenlistID : 4425 at : 680.6017699115043 seconds.']",288562587,2017-06-19T09:44:24.462Z
2017-06-19 09:45:01,26541,"[log: 'Client log', msg: 'Youtube video is buffering  content_id : 85173 : of unit :  : of Course : 3356 : video id  : AZbCTg8otRc : kenlistID : 4425 at : 959.185311 seconds.']",288613023,2017-06-19T09:45:01.654Z
2017-06-19 09:45:02,26541,"[log: 'Client log', msg: 'Youtube video is buffering  content_id : 85173 : of unit :  : of Course : 3356 : video id  : AZbCTg8otRc : kenlistID : 4425 at : 1009.185311 seconds.']",288614933,2017-06-19T09:45:02.655Z
2017-06-19 09:45:26,26541,"[log: 'Client log', msg: 'User is playing content_id : 85175 : of unit :  : of Course : 3356 : video : lzBGZaS1apw : kenlistID : 4425 at : 0.054000139236450195 seconds.']",288632743,2017-06-19T09:45:26.777Z
2017-06-19 09:44:42,26541,"[log: 'Client log', msg: 'User is playing content_id : 85173 : of unit :  : of Course : 3356 : video : AZbCTg8otRc : kenlistID : 4425 at : 699.9463950934601 seconds.']",288595334,2017-06-19T09:44:42.558Z
2017-06-19 09:44:42,26541,"[log: 'Client log', msg: 'Youtube video is buffering  content_id : 85173 : of unit :  : of Course : 3356 : video id  : AZbCTg8otRc : kenlistID : 4425 at : 704.966582 seconds.']",288595820,2017-06-19T09:44:43.558Z
2017-06-19 09:44:42,26541,"[log: 'Client log', msg: 'User is playing content_id : 85173 : of unit :  : of Course : 3356 : video : AZbCTg8otRc : kenlistID : 4425 at : 704.9965819713898 seconds.']",288596288,2017-06-19T09:44:43.559Z
2017-06-19 09:44:57,26541,"[log: 'Client log', msg: 'User is playing content_id : 85173 : of unit :  : of Course : 3356 : video : AZbCTg8otRc : kenlistID : 4425 at : 950.7566860572205 seconds.']",288609393,2017-06-19T09:44:57.631Z
2017-06-19 09:45:18,26541,"[playlist_id: '4425', content_id: '85175', msg: 'User is on content show page']",288626560,2017-06-19T09:45:20.729Z
2017-06-19 09:46:09,26541,"[log: 'Client log', msg: 'User is playing content_id : 85175 : of unit :  : of Course : 3356 : video : lzBGZaS1apw : kenlistID : 4425 at : 839.1611330324249 seconds.']",288692776,2017-06-19T09:46:09.979Z
2017-06-19 09:46:00,26541,"[log: 'Client log', msg: 'Youtube video is buffering  content_id : 85175 : of unit :  : of Course : 3356 : video id  : lzBGZaS1apw : kenlistID : 4425 at : 457.353982300885 seconds.']",288679685,2017-06-19T09:46:00.929Z
2017-06-19 09:46:03,26541,"[log: 'Client log', msg: 'User is playing content_id : 85175 : of unit :  : of Course : 3356 : video : lzBGZaS1apw : kenlistID : 4425 at : 457.35798194850156 seconds.']",288681256,2017-06-19T09:46:03.953Z
2017-06-19 09:46:06,26541,"[log: 'Client log', msg: 'Youtube video is buffering  content_id : 85175 : of unit :  : of Course : 3356 : video id  : lzBGZaS1apw : kenlistID : 4425 at : 839.1451327433628 seconds.']",288690341,2017-06-19T09:46:06.978Z
2017-06-19 09:46:51,26541,"[log: 'Client log', msg: 'Youtube video is buffering  content_id : 85175 : of unit :  : of Course : 3356 : video id  : lzBGZaS1apw : kenlistID : 4425 at : 913.266965 seconds.']",288751338,2017-06-19T09:46:52.206Z
2017-06-19 09:46:53,26541,"[log: 'Client log', msg: 'User is playing content_id : 85175 : of unit :  : of Course : 3356 : video : lzBGZaS1apw : kenlistID : 4425 at : 928.9551921354217 seconds.']",288757487,2017-06-19T09:46:54.207Z
2017-06-19 09:46:54,26541,"[log: 'Client log', msg: 'User is playing content_id : 85175 : of unit :  : of Course : 3356 : video : lzBGZaS1apw : kenlistID : 4425 at : 938.9631920324249 seconds.']",288758441,2017-06-19T09:46:54.207Z
2017-06-19 09:47:01,26541,"[log: 'Client log', msg: 'User is playing content_id : 85175 : of unit :  : of Course : 3356 : video : lzBGZaS1apw : kenlistID : 4425 at : 1318.9601920114442 seconds.']",288763405,2017-06-19T09:47:02.255Z
2017-06-19 09:47:13,26541,"[log: 'Client log', msg: 'User is playing content_id : 85175 : of unit :  : of Course : 3356 : video : lzBGZaS1apw : kenlistID : 4425 at : 1638.5353540872052 seconds.']",288776249,2017-06-19T09:47:14.306Z
2017-06-19 09:46:54,26541,"[log: 'Client log', msg: 'User is playing content_id : 85175 : of unit :  : of Course : 3356 : video : lzBGZaS1apw : kenlistID : 4425 at : 943.9491918550415 seconds.']",288759395,2017-06-19T09:46:55.207Z
2017-06-19 09:47:18,26541,"[log: 'Client log', msg: 'Youtube video is buffering  content_id : 85175 : of unit :  : of Course : 3356 : video id  : lzBGZaS1apw : kenlistID : 4425 at : 1801.5769911504424 seconds.']",288783208,2017-06-19T09:47:18.331Z
2017-06-19 09:47:49,26541,"[log: 'Client log', msg: 'Youtube video is buffering  content_id : 85175 : of unit :  : of Course : 3356 : video id  : lzBGZaS1apw : kenlistID : 4425 at : 2167.46017699115 seconds.']",288802862,2017-06-19T09:47:49.482Z
2017-06-19 09:48:31,26541,"[log: 'Client log', msg: 'User is playing content_id : 85176 : of unit :  : of Course : 3356 : video : Rj9niLlyzp8 : kenlistID : 4425 at : 0.026999950408935547 seconds.']",288836361,2017-06-19T09:48:31.710Z
2017-06-19 09:53:01,26541,"[log: 'Client log', msg: 'User is playing content_id : 85176 : of unit :  : of Course : 3356 : video : Rj9niLlyzp8 : kenlistID : 4425 at : 404.9028051342584 seconds.']",289044206,2017-06-19T09:53:03.112Z
2017-06-19 09:53:54,26541,"[log: 'Client log', msg: 'Youtube video is buffering  content_id : 85177 : of unit :  : of Course : 3356 : video id  : 4TIQYEv1OsE : kenlistID : 4425 at : 0 seconds.']",289102992,2017-06-19T09:53:54.379Z
2017-06-19 09:53:56,26541,"[log: 'Client log', msg: 'User is playing content_id : 85177 : of unit :  : of Course : 3356 : video : 4TIQYEv1OsE : kenlistID : 4425 at : 0.007999897003173828 seconds.']",289119560,2017-06-19T09:53:56.405Z
2017-06-19 09:57:38,26541,"[log: 'Client log', msg: 'User is playing content_id : 85177 : of unit :  : of Course : 3356 : video : 4TIQYEv1OsE : kenlistID : 4425 at : 155.6789026243497 seconds.']",289202295,2017-06-19T09:57:39.595Z
2017-06-19 09:57:36,26541,"[log: 'Client log', msg: 'User is playing content_id : 85177 : of unit :  : of Course : 3356 : video : 4TIQYEv1OsE : kenlistID : 4425 at : 170.8718583689327 seconds.']",289200891,2017-06-19T09:57:36.595Z
2017-06-19 09:57:36,26541,"[log: 'Client log', msg: 'User is paused content_id : 85177 : of unit :  : of Course : 3356 : video : 4TIQYEv1OsE : kenlistID : 4425 at : 170.83185840707966 seconds.']",289201359,2017-06-19T09:57:36.595Z
2017-06-19 09:57:56,26541,"[log: 'Client log', msg: 'User is playing content_id : 85177 : of unit :  : of Course : 3356 : video : 4TIQYEv1OsE : kenlistID : 4425 at : 0.02700018882751465 seconds.']",289211631,2017-06-19T09:57:57.707Z
2017-06-19 09:57:56,26541,"[playlist_id: '4425', content_id: '85178', msg: 'User is on content show page']",289211857,2017-06-19T09:57:57.707Z
2017-06-19 09:57:13,26541,"[log: 'Client log', msg: 'User is paused content_id : 85177 : of unit :  : of Course : 3356 : video : 4TIQYEv1OsE : kenlistID : 4425 at : 192.41061946902656 seconds.']",289193555,2017-06-19T09:57:14.457Z
2017-06-19 09:57:45,26541,"[log: 'Client log', msg: 'User is playing content_id : 85177 : of unit :  : of Course : 3356 : video : 4TIQYEv1OsE : kenlistID : 4425 at : 192.48061940226935 seconds.']",289208212,2017-06-19T09:57:45.624Z
2017-06-19 09:58:05,26541,"[log: 'Client log', msg: 'User is paused content_id : 85177 : of unit :  : of Course : 3356 : video : 4TIQYEv1OsE : kenlistID : 4425 at : 233.76991150442478 seconds.']",289215762,2017-06-19T09:58:06.762Z
2017-06-19 09:57:24,26541,"[log: 'Client log', msg: 'User is paused content_id : 85177 : of unit :  : of Course : 3356 : video : 4TIQYEv1OsE : kenlistID : 4425 at : 244.902773 seconds.']",289195029,2017-06-19T09:57:24.512Z
2017-06-19 10:06:44,26541,"[log: 'Client log', msg: 'Youtube video is buffering  content_id : 85178 : of unit :  : of Course : 3356 : video id  : QSfeWtmWynI : kenlistID : 4425 at : 42.696583000000004 seconds.']",289578770,2017-06-19T10:06:44.790Z
2017-06-19 10:06:07,26541,"[msg: 'phrase cloud for the video', youtube_id: 'QSfeWtmWynI']",289555828,2017-06-19T10:06:07.575Z
2017-06-19 10:09:44,26541,"[log: 'Client log', msg: 'User is paused content_id : 85178 : of unit :  : of Course : 3356 : video : QSfeWtmWynI : kenlistID : 4425 at : 252.53097345132744 seconds.']",289756972,2017-06-19T10:09:45.918Z
2017-06-19 10:10:25,26541,"[log: 'Client log', msg: 'Youtube video is buffering  content_id : 85179 : of unit :  : of Course : 3356 : video id  : aIyu-63ruMU : kenlistID : 4425 at : 0 seconds.']",289787323,2017-06-19T10:10:26.173Z
2017-06-19 10:10:16,26541,"[log: 'Client log', msg: 'User watched content_id : 85178 : of unit :  : of Course : 3356 : video : QSfeWtmWynI : kenlistID : 4425']",289781791,2017-06-19T10:10:17.139Z
2017-06-19 10:11:57,26541,"[log: 'Client log', msg: 'User is playing content_id : 85179 : of unit :  : of Course : 3356 : video : aIyu-63ruMU : kenlistID : 4425 at : 189.71619499046326 seconds.']",289831253,2017-06-19T10:11:58.774Z
2017-06-19 10:12:45,26541,"[log: 'Client log', msg: 'User is playing content_id : 85179 : of unit :  : of Course : 3356 : video : aIyu-63ruMU : kenlistID : 4425 at : 735.1175038035431 seconds.']",289860009,2017-06-19T10:12:47.096Z
2017-06-19 10:12:11,26541,"[log: 'Client log', msg: 'User is playing content_id : 85179 : of unit :  : of Course : 3356 : video : aIyu-63ruMU : kenlistID : 4425 at : 276.66786702966266 seconds.']",289843659,2017-06-19T10:12:11.871Z
2017-06-19 10:12:13,26541,"[log: 'Client log', msg: 'User is playing content_id : 85179 : of unit :  : of Course : 3356 : video : aIyu-63ruMU : kenlistID : 4425 at : 434.77536289670826 seconds.']",289847609,2017-06-19T10:12:13.872Z
2017-06-19 10:12:13,26541,"[log: 'Client log', msg: 'Youtube video is buffering  content_id : 85179 : of unit :  : of Course : 3356 : video id  : aIyu-63ruMU : kenlistID : 4425 at : 434.7433628318584 seconds.']",289848109,2017-06-19T10:12:13.872Z
2017-06-19 10:12:40,26541,"[log: 'Client log', msg: 'Youtube video is buffering  content_id : 85179 : of unit :  : of Course : 3356 : video id  : aIyu-63ruMU : kenlistID : 4425 at : 735.1115044247788 seconds.']",289856555,2017-06-19T10:12:41.032Z
2017-06-19 10:13:30,26541,"[log: 'Client log', msg: 'User is playing content_id : 85179 : of unit :  : of Course : 3356 : video : aIyu-63ruMU : kenlistID : 4425 at : 1331.908575011444 seconds.']",289889692,2017-06-19T10:13:31.388Z
2017-06-19 10:14:47,26541,"[log: 'Client log', msg: 'User is playing content_id : 85179 : of unit :  : of Course : 3356 : video : aIyu-63ruMU : kenlistID : 4425 at : 2074.9305044781845 seconds.']",289909178,2017-06-19T10:14:47.878Z
2017-06-19 10:15:38,26541,"[log: 'Client log', msg: 'Youtube video is buffering  content_id : 85180 : of unit :  : of Course : 3356 : video id  : b5Xi1LfeJdw : kenlistID : 4425 at : 0 seconds.']",289926645,2017-06-19T10:15:39.207Z
2017-06-19 10:14:49,26541,"[log: 'Client log', msg: 'User is playing content_id : 85179 : of unit :  : of Course : 3356 : video : aIyu-63ruMU : kenlistID : 4425 at : 2213.4539379672665 seconds.']",289914782,2017-06-19T10:14:49.879Z
2017-06-19 10:16:19,26541,"[log: 'Client log', msg: 'Youtube video is buffering  content_id : 85180 : of unit :  : of Course : 3356 : video id  : b5Xi1LfeJdw : kenlistID : 4425 at : 23.957522123893806 seconds.']",289937632,2017-06-19T10:16:19.474Z
2017-06-19 10:23:55,26541,"[log: 'Client log', msg: 'Youtube video is buffering  content_id : 85182 : of unit :  : of Course : 3356 : video id  : Xv55EYGIUn4 : kenlistID : 4425 at : 8.196643 seconds.']",290133930,2017-06-19T10:23:56.659Z
2017-06-19 10:40:56,26541,"[log: 'Client log', msg: 'User is playing content_id : 85182 : of unit :  : of Course : 3356 : video : Xv55EYGIUn4 : kenlistID : 4425 at : 1964.5486871201629 seconds.']",290694392,2017-06-19T10:40:56.538Z
2017-06-19 10:40:56,26541,"[log: 'Client log', msg: 'Youtube video is buffering  content_id : 85182 : of unit :  : of Course : 3356 : video id  : Xv55EYGIUn4 : kenlistID : 4425 at : 1964.349687 seconds.']",290694880,2017-06-19T10:40:56.538Z
2017-06-19 10:40:57,26541,"[log: 'Client log', msg: 'User is paused content_id : 85182 : of unit :  : of Course : 3356 : video : Xv55EYGIUn4 : kenlistID : 4425 at : 2402.0973451327436 seconds.']",290697724,2017-06-19T10:40:57.579Z
2017-06-19 10:44:40,26541,"[playlist_id: '4425', content_id: '85183', msg: 'User is on content show page']",290849315,2017-06-19T10:44:40.443Z
2017-06-19 10:44:46,26541,"[log: 'Client log', msg: 'User is playing content_id : 85183 : of unit :  : of Course : 3356 : video : B-2nzWfJE-k : kenlistID : 4425 at : 0.009000062942504883 seconds.']",290853633,2017-06-19T10:44:46.486Z
2017-06-19 10:45:42,26541,"[log: 'Client log', msg: 'User is paused content_id : 85183 : of unit :  : of Course : 3356 : video : B-2nzWfJE-k : kenlistID : 4425 at : 149.84070796460176 seconds.']",290887637,2017-06-19T10:45:43.001Z
2017-06-19 10:45:42,26541,"[log: 'Client log', msg: 'User is playing content_id : 85183 : of unit :  : of Course : 3356 : video : B-2nzWfJE-k : kenlistID : 4425 at : 149.86470789402986 seconds.']",290888107,2017-06-19T10:45:43.001Z
2017-06-19 10:46:22,26541,"[log: 'Client log', msg: 'User is paused content_id : 85184 : of unit :  : of Course : 3356 : video : Gsj44ObhL24 : kenlistID : 4425 at : 52.860176991150446 seconds.']",290915683,2017-06-19T10:46:27.391Z
2017-06-19 10:46:22,26541,"[log: 'Client log', msg: 'User is playing content_id : 85184 : of unit :  : of Course : 3356 : video : Gsj44ObhL24 : kenlistID : 4425 at : 52.88417692057855 seconds.']",290916151,2017-06-19T10:46:27.391Z
2017-06-19 10:46:23,26541,"[log: 'Client log', msg: 'Youtube video is buffering  content_id : 85184 : of unit :  : of Course : 3356 : video id  : Gsj44ObhL24 : kenlistID : 4425 at : 78.0778761061947 seconds.']",290919231,2017-06-19T10:46:27.391Z
2017-06-19 10:47:31,26541,"[playlist_id: '4425', content_id: '85185', msg: 'User is on content show page']",290942000,2017-06-19T10:47:31.956Z
2017-06-19 10:47:50,26541,"[log: 'Client log', msg: 'User is paused content_id : 85185 : of unit :  : of Course : 3356 : video : 90p4RylQ8Aw : kenlistID : 4425 at : 6.584375 seconds.']",290961041,2017-06-19T10:47:54.132Z
2017-06-19 10:51:32,26541,"[log: 'Client log', msg: 'User is playing content_id : 85186 : of unit :  : of Course : 3356 : video : uxViZYNoqcA : kenlistID : 4425 at : 138.66278747710507 seconds.']",291036739,2017-06-19T10:51:32.080Z
2017-06-19 10:51:27,26541,"[log: 'Client log', msg: 'User is playing content_id : 85186 : of unit :  : of Course : 3356 : video : uxViZYNoqcA : kenlistID : 4425 at : 115.48686708306845 seconds.']",291029989,2017-06-19T10:51:28.035Z
2017-06-19 10:51:27,26541,"[log: 'Client log', msg: 'User is paused content_id : 85186 : of unit :  : of Course : 3356 : video : uxViZYNoqcA : kenlistID : 4425 at : 115.45486725663717 seconds.']",291031402,2017-06-19T10:51:28.035Z
2017-06-19 10:50:40,26541,"[log: 'Client log', msg: 'User is playing content_id : 85186 : of unit :  : of Course : 3356 : video : uxViZYNoqcA : kenlistID : 4425 at : 0.002000093460083008 seconds.']",291021677,2017-06-19T10:50:41.588Z
2017-06-19 10:51:24,26541,"[log: 'Client log', msg: 'User is paused content_id : 85186 : of unit :  : of Course : 3356 : video : uxViZYNoqcA : kenlistID : 4425 at : 100.16283185840707 seconds.']",291027800,2017-06-19T10:51:24.990Z
2017-06-19 10:54:30,26541,"[msg: 'Assignments of the sessions', session_id: '5985']",291091678,2017-06-19T10:54:31.675Z
2017-06-19 10:54:30,26541,"[msg: 'Discussions of the sessions', session_id: '5985']",291091885,2017-06-19T10:54:31.675Z
2017-06-19 10:54:41,26541,"[msg: 'phrase cloud for the video', youtube_id: 'HvV9a3lEe2g']",291095513,2017-06-19T10:54:41.768Z
2017-06-19 10:55:53,26541,"[log: 'Client log', msg: 'User is paused content_id : 85161 : of unit :  : of Course : 3356 : video : HvV9a3lEe2g : kenlistID : 4424 at : 153.48318584070796 seconds.']",291119823,2017-06-19T10:55:54.461Z
2017-06-19 10:54:44,26541,"[log: 'Client log', msg: 'User is playing content_id : 85161 : of unit :  : of Course : 3356 : video : HvV9a3lEe2g : kenlistID : 4424 at : 0.012000083923339844 seconds.']",291096636,2017-06-19T10:54:44.814Z
2017-06-19 10:55:03,26541,"[log: 'Client log', msg: 'Youtube video is buffering  content_id : 85161 : of unit :  : of Course : 3356 : video id  : HvV9a3lEe2g : kenlistID : 4424 at : 70.04601769911504 seconds.']",291103587,2017-06-19T10:55:05.998Z
2017-06-19 10:54:34,26541,"[playlist_id: '4424', content_id: '85161', msg: 'User is on content show page']",291093030,2017-06-19T10:54:35.721Z
2017-06-19 06:44:18,26541,"[playlist_id: '4423', content_id: '85139', msg: 'User is on content show page']",281948226,2017-06-19T06:44:19.695Z
2017-06-19 06:44:56,26541,"[log: 'Client log', msg: 'User is paused content_id : 85139 : of unit :  : of Course : 3356 : video : Y26KFn7FO9o : kenlistID : 4423 at : 7.210458 seconds.']",281965164,2017-06-19T06:44:58.084Z
2017-06-19 06:46:26,26541,"[log: 'Client log', msg: 'Youtube video is buffering  content_id : 85139 : of unit :  : of Course : 3356 : video id  : Y26KFn7FO9o : kenlistID : 4423 at : 0 seconds.']",282021484,2017-06-19T06:46:28.073Z
2017-06-19 06:47:43,26541,"[log: 'Client log', msg: 'Youtube video is buffering  content_id : 85139 : of unit :  : of Course : 3356 : video id  : Y26KFn7FO9o : kenlistID : 4423 at : 298.176416 seconds.']",282063329,2017-06-19T06:47:44.939Z
2017-06-19 06:47:30,26541,"[log: 'Client log', msg: 'User is paused content_id : 85139 : of unit :  : of Course : 3356 : video : Y26KFn7FO9o : kenlistID : 4423 at : 198.17641600000002 seconds.']",282054729,2017-06-19T06:47:32.779Z
2017-06-19 06:49:23,26541,"[log: 'Client log', msg: 'Youtube video is buffering  content_id : 85151 : of unit :  : of Course : 3356 : video id  : ulfCxDsVTWo : kenlistID : 4423 at : 126.199373 seconds.']",282110666,2017-06-19T06:49:25.951Z
2017-06-19 06:48:08,26541,"[msg: 'phrase cloud for the video', youtube_id: 'ulfCxDsVTWo']",282078757,2017-06-19T06:48:09.155Z
2017-06-19 06:49:31,26541,"[log: 'Client log', msg: 'User is playing content_id : 85151 : of unit :  : of Course : 3356 : video : ulfCxDsVTWo : kenlistID : 4423 at : 141.34583010490417 seconds.']",282117248,2017-06-19T06:49:32.004Z
2017-06-19 06:57:22,26541,"[log: 'Client log', msg: 'User is playing content_id : 85151 : of unit :  : of Course : 3356 : video : ulfCxDsVTWo : kenlistID : 4423 at : 1027.6194601788984 seconds.']",282307602,2017-06-19T06:57:22.744Z
2017-06-19 06:57:04,26541,"[log: 'Client log', msg: 'User is playing content_id : 85151 : of unit :  : of Course : 3356 : video : ulfCxDsVTWo : kenlistID : 4423 at : 997.9605840553131 seconds.']",282297171,2017-06-19T06:57:05.599Z
2017-06-19 06:57:22,26541,"[log: 'Client log', msg: 'Youtube video is buffering  content_id : 85151 : of unit :  : of Course : 3356 : video id  : ulfCxDsVTWo : kenlistID : 4423 at : 1004.3745 seconds.']",282308086,2017-06-19T06:57:23.745Z
2017-06-19 06:56:39,26541,"[log: 'Client log', msg: 'Youtube video is buffering  content_id : 85151 : of unit :  : of Course : 3356 : video id  : ulfCxDsVTWo : kenlistID : 4423 at : 997.9185840707964 seconds.']",282289732,2017-06-19T06:56:41.356Z
2017-06-19 07:02:56,26541,"[log: 'Client log', msg: 'User is playing content_id : 85153 : of unit :  : of Course : 3356 : video : fLvZkZxiXnE : kenlistID : 4423 at : 332.89698006866456 seconds.']",282564418,2017-06-19T07:02:59.929Z
2017-06-19 07:02:56,26541,"[log: 'Client log', msg: 'User is playing content_id : 85153 : of unit :  : of Course : 3356 : video : fLvZkZxiXnE : kenlistID : 4423 at : 352.97281300572206 seconds.']",282567750,2017-06-19T07:02:59.929Z
2017-06-19 07:02:56,26541,"[log: 'Client log', msg: 'User is playing content_id : 85153 : of unit :  : of Course : 3356 : video : fLvZkZxiXnE : kenlistID : 4423 at : 362.91381299046327 seconds.']",282568706,2017-06-19T07:02:59.929Z
2017-06-19 07:02:56,26541,"[log: 'Client log', msg: 'Youtube video is buffering  content_id : 85153 : of unit :  : of Course : 3356 : video id  : fLvZkZxiXnE : kenlistID : 4423 at : 362.903813 seconds.']",282569662,2017-06-19T07:02:59.929Z
2017-06-19 07:03:46,26541,"[log: 'Client log', msg: 'User is playing content_id : 85153 : of unit :  : of Course : 3356 : video : fLvZkZxiXnE : kenlistID : 4423 at : 454.2855181564026 seconds.']",282619583,2017-06-19T07:03:46.337Z
2017-06-19 07:04:30,26541,"[log: 'Client log', msg: 'User is playing content_id : 85153 : of unit :  : of Course : 3356 : video : fLvZkZxiXnE : kenlistID : 4423 at : 507.85418106866456 seconds.']",282663101,2017-06-19T07:04:30.739Z
2017-06-19 07:04:36,26541,"[log: 'Client log', msg: 'User is playing content_id : 85153 : of unit :  : of Course : 3356 : video : fLvZkZxiXnE : kenlistID : 4423 at : 565.7663879599456 seconds.']",282678865,2017-06-19T07:04:36.784Z
2017-06-19 07:04:38,26541,"[log: 'Client log', msg: 'User is playing content_id : 85153 : of unit :  : of Course : 3356 : video : fLvZkZxiXnE : kenlistID : 4423 at : 586.6198879713897 seconds.']",282682183,2017-06-19T07:04:38.785Z
2017-06-19 07:04:34,26541,"[log: 'Client log', msg: 'Youtube video is buffering  content_id : 85153 : of unit :  : of Course : 3356 : video id  : fLvZkZxiXnE : kenlistID : 4423 at : 544.95018 seconds.']",282674897,2017-06-19T07:04:34.784Z
2017-06-19 07:04:34,26541,"[log: 'Client log', msg: 'Youtube video is buffering  content_id : 85153 : of unit :  : of Course : 3356 : video id  : fLvZkZxiXnE : kenlistID : 4423 at : 554.95018 seconds.']",282677459,2017-06-19T07:04:34.784Z
2017-06-19 07:03:53,26541,"[log: 'Client log', msg: 'Youtube video is buffering  content_id : 85153 : of unit :  : of Course : 3356 : video id  : fLvZkZxiXnE : kenlistID : 4423 at : 465.287913 seconds.']",282624575,2017-06-19T07:03:54.382Z
2017-06-19 07:04:23,26541,"[log: 'Client log', msg: 'Youtube video is buffering  content_id : 85153 : of unit :  : of Course : 3356 : video id  : fLvZkZxiXnE : kenlistID : 4423 at : 479.109933 seconds.']",282648276,2017-06-19T07:04:24.694Z
2017-06-19 07:04:24,26541,"[log: 'Client log', msg: 'User is playing content_id : 85153 : of unit :  : of Course : 3356 : video : fLvZkZxiXnE : kenlistID : 4423 at : 488.9149948550415 seconds.']",282649716,2017-06-19T07:04:24.694Z
2017-06-19 07:04:46,26541,"[log: 'Client log', msg: 'User is playing content_id : 85153 : of unit :  : of Course : 3356 : video : fLvZkZxiXnE : kenlistID : 4423 at : 607.7435960152588 seconds.']",282696197,2017-06-19T07:04:46.873Z
2017-06-19 07:05:23,26541,"[log: 'Client log', msg: 'User is playing content_id : 85140 : of unit :  : of Course : 3356 : video : 98lh5Q0M0cg : kenlistID : 4423 at : 0.042999982833862305 seconds.']",282715634,2017-06-19T07:05:24.182Z
2017-06-19 07:04:56,26541,"[playlist_id: '4423', content_id: '85140', msg: 'User is on content show page']",282704103,2017-06-19T07:04:57.962Z
2017-06-19 07:06:49,26541,"[log: 'Client log', msg: 'User is playing content_id : 85140 : of unit :  : of Course : 3356 : video : 98lh5Q0M0cg : kenlistID : 4423 at : 191.19739509536743 seconds.']",282751075,2017-06-19T07:06:49.960Z
2017-06-19 07:07:10,26541,"[log: 'Client log', msg: 'User is playing content_id : 85140 : of unit :  : of Course : 3356 : video : 98lh5Q0M0cg : kenlistID : 4423 at : 439.78781089891055 seconds.']",282769577,2017-06-19T07:07:11.131Z
2017-06-19 07:07:11,26541,"[log: 'Client log', msg: 'User is playing content_id : 85140 : of unit :  : of Course : 3356 : video : 98lh5Q0M0cg : kenlistID : 4423 at : 449.76981077302554 seconds.']",282772146,2017-06-19T07:07:11.131Z
2017-06-19 07:07:18,26541,"[log: 'Client log', msg: 'Youtube video is buffering  content_id : 85140 : of unit :  : of Course : 3356 : video id  : 98lh5Q0M0cg : kenlistID : 4423 at : 489.72806 seconds.']",282784094,2017-06-19T07:07:19.175Z
2017-06-19 07:07:37,26541,"[log: 'Client log', msg: 'Youtube video is buffering  content_id : 85140 : of unit :  : of Course : 3356 : video id  : 98lh5Q0M0cg : kenlistID : 4423 at : 581.549683 seconds.']",282801515,2017-06-19T07:07:38.345Z
2017-06-19 07:07:36,26541,"[log: 'Client log', msg: 'User is playing content_id : 85140 : of unit :  : of Course : 3356 : video : 98lh5Q0M0cg : kenlistID : 4423 at : 571.5996829523162 seconds.']",282799457,2017-06-19T07:07:37.344Z
2017-06-19 07:07:28,26541,"[log: 'Client log', msg: 'User is playing content_id : 85140 : of unit :  : of Course : 3356 : video : 98lh5Q0M0cg : kenlistID : 4423 at : 535.106310032425 seconds.']",282792628,2017-06-19T07:07:29.260Z
2017-06-19 07:08:26,26541,"[log: 'Client log', msg: 'User is playing content_id : 85141 : of unit :  : of Course : 3356 : video : tnaNsMgSmP0 : kenlistID : 4423 at : 77.61093684169006 seconds.']",282843893,2017-06-19T07:08:26.772Z
2017-06-19 07:07:54,26541,"[playlist_id: '4423', content_id: '85141', msg: 'User is on content show page']",282813013,2017-06-19T07:07:56.516Z
2017-06-19 07:09:00,26541,"[log: 'Client log', msg: 'User is playing content_id : 85141 : of unit :  : of Course : 3356 : video : tnaNsMgSmP0 : kenlistID : 4423 at : 307.20447709346007 seconds.']",282880622,2017-06-19T07:09:01.071Z
2017-06-19 07:09:00,26541,"[log: 'Client log', msg: 'Youtube video is buffering  content_id : 85141 : of unit :  : of Course : 3356 : video id  : tnaNsMgSmP0 : kenlistID : 4423 at : 302.202477 seconds.']",282881108,2017-06-19T07:09:01.071Z
2017-06-19 07:09:03,26541,"[log: 'Client log', msg: 'User is playing content_id : 85141 : of unit :  : of Course : 3356 : video : tnaNsMgSmP0 : kenlistID : 4423 at : 329.1583521564026 seconds.']",282890423,2017-06-19T07:09:03.072Z
2017-06-19 07:09:03,26541,"[log: 'Client log', msg: 'User is playing content_id : 85141 : of unit :  : of Course : 3356 : video : tnaNsMgSmP0 : kenlistID : 4423 at : 334.1693520743866 seconds.']",282892144,2017-06-19T07:09:04.072Z
2017-06-19 07:09:04,26541,"[log: 'Client log', msg: 'Youtube video is buffering  content_id : 85141 : of unit :  : of Course : 3356 : video id  : tnaNsMgSmP0 : kenlistID : 4423 at : 339.784477 seconds.']",282894080,2017-06-19T07:09:05.113Z
2017-06-19 07:09:05,26541,"[log: 'Client log', msg: 'Youtube video is buffering  content_id : 85141 : of unit :  : of Course : 3356 : video id  : tnaNsMgSmP0 : kenlistID : 4423 at : 350.172643 seconds.']",282895990,2017-06-19T07:09:06.113Z
2017-06-19 07:09:06,26541,"[log: 'Client log', msg: 'User is playing content_id : 85141 : of unit :  : of Course : 3356 : video : tnaNsMgSmP0 : kenlistID : 4423 at : 360.28364306103515 seconds.']",282896460,2017-06-19T07:09:06.113Z
2017-06-19 07:09:06,26541,"[log: 'Client log', msg: 'Youtube video is buffering  content_id : 85141 : of unit :  : of Course : 3356 : video id  : tnaNsMgSmP0 : kenlistID : 4423 at : 365.195184 seconds.']",282897900,2017-06-19T07:09:07.114Z
2017-06-19 07:09:06,26541,"[log: 'Client log', msg: 'User is playing content_id : 85141 : of unit :  : of Course : 3356 : video : tnaNsMgSmP0 : kenlistID : 4423 at : 365.21218395994566 seconds.']",282898370,2017-06-19T07:09:07.114Z
2017-06-19 07:09:11,26541,"[log: 'Client log', msg: 'Youtube video is buffering  content_id : 85141 : of unit :  : of Course : 3356 : video id  : tnaNsMgSmP0 : kenlistID : 4423 at : 379.487246 seconds.']",282903215,2017-06-19T07:09:11.156Z
2017-06-19 07:09:11,26541,"[log: 'Client log', msg: 'User is playing content_id : 85141 : of unit :  : of Course : 3356 : video : tnaNsMgSmP0 : kenlistID : 4423 at : 379.4932460419617 seconds.']",282903683,2017-06-19T07:09:11.156Z
2017-06-19 07:09:11,26541,"[log: 'Client log', msg: 'Youtube video is buffering  content_id : 85141 : of unit :  : of Course : 3356 : video id  : tnaNsMgSmP0 : kenlistID : 4423 at : 394.487246 seconds.']",282905123,2017-06-19T07:09:12.156Z
2017-06-19 07:08:55,26541,"[log: 'Client log', msg: 'Youtube video is buffering  content_id : 85141 : of unit :  : of Course : 3356 : video id  : tnaNsMgSmP0 : kenlistID : 4423 at : 257.663477 seconds.']",282875122,2017-06-19T07:08:56.028Z
2017-06-19 07:08:55,26541,"[log: 'Client log', msg: 'User is playing content_id : 85141 : of unit :  : of Course : 3356 : video : tnaNsMgSmP0 : kenlistID : 4423 at : 262.681477125885 seconds.']",282876074,2017-06-19T07:08:56.028Z
2017-06-19 07:08:41,26541,"[log: 'Client log', msg: 'Youtube video is buffering  content_id : 85141 : of unit :  : of Course : 3356 : video id  : tnaNsMgSmP0 : kenlistID : 4423 at : 150.99654099999998 seconds.']",282861088,2017-06-19T07:08:41.901Z
2017-06-19 07:08:42,26541,"[log: 'Client log', msg: 'User is playing content_id : 85141 : of unit :  : of Course : 3356 : video : tnaNsMgSmP0 : kenlistID : 4423 at : 161.00354096948243 seconds.']",282862512,2017-06-19T07:08:42.901Z
2017-06-19 07:08:48,26541,"[log: 'Client log', msg: 'User is playing content_id : 85141 : of unit :  : of Course : 3356 : video : tnaNsMgSmP0 : kenlistID : 4423 at : 198.85306100190735 seconds.']",282867935,2017-06-19T07:08:48.944Z
2017-06-19 07:08:48,26541,"[log: 'Client log', msg: 'Youtube video is buffering  content_id : 85141 : of unit :  : of Course : 3356 : video id  : tnaNsMgSmP0 : kenlistID : 4423 at : 203.830061 seconds.']",282868421,2017-06-19T07:08:48.944Z
2017-06-19 07:08:35,26541,"[log: 'Client log', msg: 'User is playing content_id : 85141 : of unit :  : of Course : 3356 : video : tnaNsMgSmP0 : kenlistID : 4423 at : 121.21716589891052 seconds.']",282856133,2017-06-19T07:08:35.858Z
2017-06-19 07:09:31,26541,"[log: 'Client log', msg: 'User is playing content_id : 85141 : of unit :  : of Course : 3356 : video : tnaNsMgSmP0 : kenlistID : 4423 at : 480.3050160934601 seconds.']",282920440,2017-06-19T07:09:32.324Z
2017-06-19 07:09:31,26541,"[log: 'Client log', msg: 'Youtube video is buffering  content_id : 85141 : of unit :  : of Course : 3356 : video id  : tnaNsMgSmP0 : kenlistID : 4423 at : 495.303016 seconds.']",282923802,2017-06-19T07:09:32.324Z
2017-06-19 07:09:35,26541,"[log: 'Client log', msg: 'Youtube video is buffering  content_id : 85141 : of unit :  : of Course : 3356 : video id  : tnaNsMgSmP0 : kenlistID : 4423 at : 513.0201609999999 seconds.']",282926778,2017-06-19T07:09:35.366Z
2017-06-19 07:09:24,26541,"[log: 'Client log', msg: 'Youtube video is buffering  content_id : 85141 : of unit :  : of Course : 3356 : video id  : tnaNsMgSmP0 : kenlistID : 4423 at : 439.616808 seconds.']",282915499,2017-06-19T07:09:25.281Z
2017-06-19 07:09:25,26541,"[log: 'Client log', msg: 'Youtube video is buffering  content_id : 85141 : of unit :  : of Course : 3356 : video id  : tnaNsMgSmP0 : kenlistID : 4423 at : 454.616808 seconds.']",282916455,2017-06-19T07:09:25.281Z
2017-06-19 07:09:56,26541,"[log: 'Client log', msg: 'User is playing content_id : 85141 : of unit :  : of Course : 3356 : video : tnaNsMgSmP0 : kenlistID : 4423 at : 557.5291589217987 seconds.']",282947660,2017-06-19T07:09:56.533Z
2017-06-19 07:10:33,26541,"[playlist_id: '4423', content_id: '85142', msg: 'User is on content show page']",282974543,2017-06-19T07:10:33.823Z
2017-06-19 07:10:25,26541,"[log: 'Client log', msg: 'User is playing content_id : 85141 : of unit :  : of Course : 3356 : video : tnaNsMgSmP0 : kenlistID : 4423 at : 589.9022208455048 seconds.']",282964899,2017-06-19T07:10:26.779Z
2017-06-19 07:10:26,26541,"[log: 'Client log', msg: 'User is playing content_id : 85141 : of unit :  : of Course : 3356 : video : tnaNsMgSmP0 : kenlistID : 4423 at : 609.919221043869 seconds.']",282965851,2017-06-19T07:10:26.781Z
2017-06-19 07:10:05,26541,"[log: 'Client log', msg: 'User is playing content_id : 85141 : of unit :  : of Course : 3356 : video : tnaNsMgSmP0 : kenlistID : 4423 at : 555.9116379294281 seconds.']",282952742,2017-06-19T07:10:06.615Z
2017-06-19 07:11:07,26541,"[log: 'Client log', msg: 'User is paused content_id : 85142 : of unit :  : of Course : 3356 : video : 3_BH6HqpPtk : kenlistID : 4423 at : 21.812333 seconds.']",282993424,2017-06-19T07:11:08.109Z
2017-06-19 07:12:34,26541,"[log: 'Client log', msg: 'Youtube video is buffering  content_id : 85142 : of unit :  : of Course : 3356 : video id  : 3_BH6HqpPtk : kenlistID : 4423 at : 318.480874 seconds.']",283046529,2017-06-19T07:12:35.830Z
2017-06-19 07:12:33,26541,"[log: 'Client log', msg: 'User is playing content_id : 85142 : of unit :  : of Course : 3356 : video : 3_BH6HqpPtk : kenlistID : 4423 at : 307.10937400572203 seconds.']",283045575,2017-06-19T07:12:34.829Z
2017-06-19 07:15:30,26541,"[log: 'Client log', msg: 'Youtube video is buffering  content_id : 85142 : of unit :  : of Course : 3356 : video id  : 3_BH6HqpPtk : kenlistID : 4423 at : 755.637168141593 seconds.']",283136625,2017-06-19T07:15:31.188Z
2017-06-19 07:15:19,26541,"[log: 'Client log', msg: 'User is paused content_id : 85142 : of unit :  : of Course : 3356 : video : 3_BH6HqpPtk : kenlistID : 4423 at : 755.637168141593 seconds.']",283120499,2017-06-19T07:15:21.111Z
2017-06-19 07:15:20,26541,"[log: 'Client log', msg: 'User is paused content_id : 85142 : of unit :  : of Course : 3356 : video : 3_BH6HqpPtk : kenlistID : 4423 at : 799.6548672566371 seconds.']",283121382,2017-06-19T07:15:21.111Z
2017-06-19 07:16:06,26541,"[log: 'Client log', msg: 'User is playing content_id : 85142 : of unit :  : of Course : 3356 : video : 3_BH6HqpPtk : kenlistID : 4423 at : 819.7558670705719 seconds.']",283158257,2017-06-19T07:16:06.451Z
2017-06-19 07:16:38,26541,"[log: 'Client log', msg: 'User is paused content_id : 85143 : of unit :  : of Course : 3356 : video : JCF8_IVRPJQ : kenlistID : 4423 at : 6.399312 seconds.']",283174970,2017-06-19T07:16:40.714Z
2017-06-19 07:16:41,26541,"[log: 'Client log', msg: 'Youtube video is buffering  content_id : 85143 : of unit :  : of Course : 3356 : video id  : JCF8_IVRPJQ : kenlistID : 4423 at : 71.39931200000001 seconds.']",283176414,2017-06-19T07:16:41.714Z
2017-06-19 07:16:52,26541,"[log: 'Client log', msg: 'Youtube video is buffering  content_id : 85143 : of unit :  : of Course : 3356 : video id  : JCF8_IVRPJQ : kenlistID : 4423 at : 146.399312 seconds.']",283188656,2017-06-19T07:16:52.788Z
2017-06-19 07:17:41,26541,"[log: 'Client log', msg: 'User is paused content_id : 85143 : of unit :  : of Course : 3356 : video : JCF8_IVRPJQ : kenlistID : 4423 at : 221.399312 seconds.']",283214564,2017-06-19T07:17:43.158Z
2017-06-19 07:17:39,26541,"[log: 'Client log', msg: 'Youtube video is buffering  content_id : 85143 : of unit :  : of Course : 3356 : video id  : JCF8_IVRPJQ : kenlistID : 4423 at : 221.399312 seconds.']",283213883,2017-06-19T07:17:40.157Z
2017-06-19 07:21:56,26541,"[playlist_id: '4423', content_id: '85144', msg: 'User is on content show page']",283485345,2017-06-19T07:21:57.357Z
2017-06-19 07:23:32,26541,"[log: 'Client log', msg: 'Youtube video is buffering  content_id : 85144 : of unit :  : of Course : 3356 : video id  : MoiJSjwjbxs : kenlistID : 4423 at : 1829.028916 seconds.']",283595629,2017-06-19T07:23:32.998Z
2017-06-19 07:23:32,26541,"[log: 'Client log', msg: 'User is playing content_id : 85144 : of unit :  : of Course : 3356 : video : MoiJSjwjbxs : kenlistID : 4423 at : 1834.086916087738 seconds.']",283596097,2017-06-19T07:23:32.998Z
2017-06-19 07:23:32,26541,"[log: 'Client log', msg: 'Youtube video is buffering  content_id : 85144 : of unit :  : of Course : 3356 : video id  : MoiJSjwjbxs : kenlistID : 4423 at : 1834.028916 seconds.']",283596585,2017-06-19T07:23:32.998Z
2017-06-19 07:23:20,26541,"[log: 'Client log', msg: 'User is paused content_id : 85144 : of unit :  : of Course : 3356 : video : MoiJSjwjbxs : kenlistID : 4423 at : 1763.479646017699 seconds.']",283576711,2017-06-19T07:23:20.931Z
2017-06-19 07:23:20,26541,"[log: 'Client log', msg: 'Youtube video is buffering  content_id : 85144 : of unit :  : of Course : 3356 : video id  : MoiJSjwjbxs : kenlistID : 4423 at : 1763.479646017699 seconds.']",283577211,2017-06-19T07:23:20.931Z
2017-06-19 07:23:29,26541,"[log: 'Client log', msg: 'User is playing content_id : 85144 : of unit :  : of Course : 3356 : video : MoiJSjwjbxs : kenlistID : 4423 at : 1788.9622911068116 seconds.']",283587286,2017-06-19T07:23:29.997Z
2017-06-19 07:23:29,26541,"[log: 'Client log', msg: 'Youtube video is buffering  content_id : 85144 : of unit :  : of Course : 3356 : video id  : MoiJSjwjbxs : kenlistID : 4423 at : 1788.924291 seconds.']",283588262,2017-06-19T07:23:29.997Z
2017-06-19 07:23:41,26541,"[log: 'Client log', msg: 'User is playing content_id : 85144 : of unit :  : of Course : 3356 : video : MoiJSjwjbxs : kenlistID : 4423 at : 1866.7049570019074 seconds.']",283606622,2017-06-19T07:23:42.064Z
2017-06-19 07:23:41,26541,"[log: 'Client log', msg: 'Youtube video is buffering  content_id : 85144 : of unit :  : of Course : 3356 : video id  : MoiJSjwjbxs : kenlistID : 4423 at : 1876.681957 seconds.']",283607740,2017-06-19T07:23:42.064Z
2017-06-19 07:23:42,26541,"[log: 'Client log', msg: 'Youtube video is buffering  content_id : 85144 : of unit :  : of Course : 3356 : video id  : MoiJSjwjbxs : kenlistID : 4423 at : 1901.681957 seconds.']",283610135,2017-06-19T07:23:43.064Z
2017-06-19 07:23:42,26541,"[log: 'Client log', msg: 'User is playing content_id : 85144 : of unit :  : of Course : 3356 : video : MoiJSjwjbxs : kenlistID : 4423 at : 1906.7019569809265 seconds.']",283611535,2017-06-19T07:23:43.064Z
2017-06-19 07:23:42,26541,"[log: 'Client log', msg: 'User is playing content_id : 85144 : of unit :  : of Course : 3356 : video : MoiJSjwjbxs : kenlistID : 4423 at : 1921.7119569713898 seconds.']",283612493,2017-06-19T07:23:43.064Z
2017-06-19 07:24:48,26541,"[log: 'Client log', msg: 'Youtube video is buffering  content_id : 85144 : of unit :  : of Course : 3356 : video id  : MoiJSjwjbxs : kenlistID : 4423 at : 2056.989748 seconds.']",283682644,2017-06-19T07:24:51.525Z
2017-06-19 07:24:48,26541,"[log: 'Client log', msg: 'User is playing content_id : 85144 : of unit :  : of Course : 3356 : video : MoiJSjwjbxs : kenlistID : 4423 at : 2057.02174806485 seconds.']",283683110,2017-06-19T07:24:51.525Z
2017-06-19 07:24:48,26541,"[log: 'Client log', msg: 'User is playing content_id : 85144 : of unit :  : of Course : 3356 : video : MoiJSjwjbxs : kenlistID : 4423 at : 2057.005748032425 seconds.']",283683578,2017-06-19T07:24:51.525Z
2017-06-19 07:24:49,26541,"[log: 'Client log', msg: 'User is playing content_id : 85144 : of unit :  : of Course : 3356 : video : MoiJSjwjbxs : kenlistID : 4423 at : 2066.999747990463 seconds.']",283687156,2017-06-19T07:24:51.525Z
2017-06-19 07:25:18,26541,"[log: 'Client log', msg: 'Youtube video is buffering  content_id : 85144 : of unit :  : of Course : 3356 : video id  : MoiJSjwjbxs : kenlistID : 4423 at : 2109.994185 seconds.']",283706644,2017-06-19T07:25:19.689Z
2017-06-19 07:25:35,26541,"[log: 'Client log', msg: 'Youtube video is buffering  content_id : 85144 : of unit :  : of Course : 3356 : video id  : MoiJSjwjbxs : kenlistID : 4423 at : 2154.33131 seconds.']",283720662,2017-06-19T07:25:36.816Z
2017-06-19 07:25:35,26541,"[log: 'Client log', msg: 'User is playing content_id : 85144 : of unit :  : of Course : 3356 : video : MoiJSjwjbxs : kenlistID : 4423 at : 2154.3533100743866 seconds.']",283722084,2017-06-19T07:25:36.816Z
2017-06-19 07:25:36,26541,"[log: 'Client log', msg: 'User is playing content_id : 85144 : of unit :  : of Course : 3356 : video : MoiJSjwjbxs : kenlistID : 4423 at : 2189.4263100286103 seconds.']",283723022,2017-06-19T07:25:36.816Z
2017-06-19 07:25:36,26541,"[log: 'Client log', msg: 'Youtube video is buffering  content_id : 85144 : of unit :  : of Course : 3356 : video id  : MoiJSjwjbxs : kenlistID : 4423 at : 2184.33131 seconds.']",283723508,2017-06-19T07:25:36.816Z
2017-06-19 07:25:36,26541,"[log: 'Client log', msg: 'Youtube video is buffering  content_id : 85144 : of unit :  : of Course : 3356 : video id  : MoiJSjwjbxs : kenlistID : 4423 at : 2189.33131 seconds.']",283723994,2017-06-19T07:25:36.816Z
2017-06-19 07:25:36,26541,"[log: 'Client log', msg: 'Youtube video is buffering  content_id : 85144 : of unit :  : of Course : 3356 : video id  : MoiJSjwjbxs : kenlistID : 4423 at : 2199.33131 seconds.']",283724948,2017-06-19T07:25:36.817Z
2017-06-19 07:25:59,26541,"[log: 'Client log', msg: 'User is playing content_id : 85144 : of unit :  : of Course : 3356 : video : MoiJSjwjbxs : kenlistID : 4423 at : 2302.276976020981 seconds.']",283746919,2017-06-19T07:25:59.976Z
2017-06-19 07:25:34,26541,"[log: 'Client log', msg: 'Youtube video is buffering  content_id : 85144 : of unit :  : of Course : 3356 : video id  : MoiJSjwjbxs : kenlistID : 4423 at : 2139.33131 seconds.']",283717361,2017-06-19T07:25:34.785Z
2017-06-19 07:25:34,26541,"[log: 'Client log', msg: 'Youtube video is buffering  content_id : 85144 : of unit :  : of Course : 3356 : video id  : MoiJSjwjbxs : kenlistID : 4423 at : 2149.33131 seconds.']",283718317,2017-06-19T07:25:34.785Z
2017-06-19 07:26:01,26541,"[log: 'Client log', msg: 'User is playing content_id : 85144 : of unit :  : of Course : 3356 : video : MoiJSjwjbxs : kenlistID : 4423 at : 2308.40289209346 seconds.']",283752745,2017-06-19T07:26:01.976Z
2017-06-19 07:26:02,26541,"[log: 'Client log', msg: 'Youtube video is buffering  content_id : 85144 : of unit :  : of Course : 3356 : video id  : MoiJSjwjbxs : kenlistID : 4423 at : 2333.400892 seconds.']",283754592,2017-06-19T07:26:02.976Z
2017-06-19 07:27:51,26541,"[log: 'Client log', msg: 'User is playing content_id : 85144 : of unit :  : of Course : 3356 : video : MoiJSjwjbxs : kenlistID : 4423 at : 2873.1722119809265 seconds.']",283858775,2017-06-19T07:27:52.663Z
2017-06-19 07:28:02,26541,"[log: 'Client log', msg: 'Youtube video is buffering  content_id : 85144 : of unit :  : of Course : 3356 : video id  : MoiJSjwjbxs : kenlistID : 4423 at : 2901.520503 seconds.']",283870658,2017-06-19T07:28:02.724Z
2017-06-19 07:28:53,26541,"[log: 'Client log', msg: 'Youtube video is buffering  content_id : 85144 : of unit :  : of Course : 3356 : video id  : MoiJSjwjbxs : kenlistID : 4423 at : 2971.375669 seconds.']",283944483,2017-06-19T07:28:54.026Z
2017-06-19 07:28:53,26541,"[log: 'Client log', msg: 'Youtube video is buffering  content_id : 85144 : of unit :  : of Course : 3356 : video id  : MoiJSjwjbxs : kenlistID : 4423 at : 2981.375669 seconds.']",283945437,2017-06-19T07:28:54.026Z
2017-06-19 07:28:53,26541,"[log: 'Client log', msg: 'Youtube video is buffering  content_id : 85144 : of unit :  : of Course : 3356 : video id  : MoiJSjwjbxs : kenlistID : 4423 at : 2986.375669 seconds.']",283946395,2017-06-19T07:28:54.026Z
2017-06-19 07:29:26,26541,"[log: 'Client log', msg: 'User is playing content_id : 85144 : of unit :  : of Course : 3356 : video : MoiJSjwjbxs : kenlistID : 4423 at : 3124.9417610648497 seconds.']",284009638,2017-06-19T07:29:27.236Z
2017-06-19 07:29:27,26541,"[log: 'Client log', msg: 'User is playing content_id : 85144 : of unit :  : of Course : 3356 : video : MoiJSjwjbxs : kenlistID : 4423 at : 3144.9497612002715 seconds.']",284012912,2017-06-19T07:29:28.236Z
2017-06-19 07:30:37,26541,"[log: 'Client log', msg: 'User is playing content_id : 85144 : of unit :  : of Course : 3356 : video : MoiJSjwjbxs : kenlistID : 4423 at : 3317.122239008625 seconds.']",284123015,2017-06-19T07:30:38.659Z
2017-06-19 07:31:12,26541,"[log: 'Client log', msg: 'User is paused content_id : 85144 : of unit :  : of Course : 3356 : video : MoiJSjwjbxs : kenlistID : 4423 at : 3352.552822 seconds.']",284180011,2017-06-19T07:31:12.858Z
2017-06-19 07:31:58,26541,"[playlist_id: '4423', content_id: '85145', msg: 'User is on content show page']",284212244,2017-06-19T07:31:59.079Z
2017-06-19 07:32:00,26541,"[msg: 'phrase cloud for the video', youtube_id: 'ouMl5HaZ_HA']",284217199,2017-06-19T07:32:01.103Z
2017-06-19 07:31:52,26541,"[playlist_id: '4423', content_id: '85145', msg: 'User is on content show page']",284202319,2017-06-19T07:31:53.054Z
2017-06-19 07:35:29,26541,"[log: 'Client log', msg: 'User is playing content_id : 85145 : of unit :  : of Course : 3356 : video : ouMl5HaZ_HA : kenlistID : 4423 at : 45.68035408201599 seconds.']",284317054,2017-06-19T07:35:30.084Z
2017-06-19 07:35:49,26541,"[log: 'Client log', msg: 'Youtube video is buffering  content_id : 85145 : of unit :  : of Course : 3356 : video id  : ouMl5HaZ_HA : kenlistID : 4423 at : 76.011833 seconds.']",284327973,2017-06-19T07:35:50.173Z
2017-06-19 07:38:08,26541,"[log: 'Client log', msg: 'Youtube video is buffering  content_id : 85145 : of unit :  : of Course : 3356 : video id  : ouMl5HaZ_HA : kenlistID : 4423 at : 393.127645 seconds.']",284397211,2017-06-19T07:38:08.758Z
2017-06-19 07:38:08,26541,"[log: 'Client log', msg: 'Youtube video is buffering  content_id : 85145 : of unit :  : of Course : 3356 : video id  : ouMl5HaZ_HA : kenlistID : 4423 at : 408.127645 seconds.']",284398165,2017-06-19T07:38:09.758Z
2017-06-19 07:38:09,26541,"[log: 'Client log', msg: 'User is playing content_id : 85145 : of unit :  : of Course : 3356 : video : ouMl5HaZ_HA : kenlistID : 4423 at : 428.14264510490415 seconds.']",284400545,2017-06-19T07:38:09.758Z
2017-06-19 07:37:15,26541,"[log: 'Client log', msg: 'Youtube video is buffering  content_id : 85145 : of unit :  : of Course : 3356 : video id  : ouMl5HaZ_HA : kenlistID : 4423 at : 228.279791 seconds.']",284376118,2017-06-19T07:37:16.547Z
2017-06-19 07:37:16,26541,"[log: 'Client log', msg: 'User is playing content_id : 85145 : of unit :  : of Course : 3356 : video : ouMl5HaZ_HA : kenlistID : 4423 at : 248.33179104577636 seconds.']",284377544,2017-06-19T07:37:16.547Z
2017-06-19 07:38:10,26541,"[log: 'Client log', msg: 'User is playing content_id : 85145 : of unit :  : of Course : 3356 : video : ouMl5HaZ_HA : kenlistID : 4423 at : 438.19264505722043 seconds.']",284402745,2017-06-19T07:38:10.778Z
2017-06-19 07:38:10,26541,"[log: 'Client log', msg: 'User is playing content_id : 85145 : of unit :  : of Course : 3356 : video : ouMl5HaZ_HA : kenlistID : 4423 at : 443.20564483024594 seconds.']",284403701,2017-06-19T07:38:10.778Z
2017-06-19 07:39:54,26541,"[log: 'Client log', msg: 'Youtube video is buffering  content_id : 85145 : of unit :  : of Course : 3356 : video id  : ouMl5HaZ_HA : kenlistID : 4423 at : 596.26279 seconds.']",284443016,2017-06-19T07:39:55.220Z
2017-06-19 07:39:55,26541,"[log: 'Client log', msg: 'User is playing content_id : 85145 : of unit :  : of Course : 3356 : video : ouMl5HaZ_HA : kenlistID : 4423 at : 601.3607900495911 seconds.']",284443484,2017-06-19T07:39:55.220Z
2017-06-19 07:40:10,26541,"[log: 'Client log', msg: 'User is playing content_id : 85145 : of unit :  : of Course : 3356 : video : ouMl5HaZ_HA : kenlistID : 4423 at : 683.2487480209809 seconds.']",284456228,2017-06-19T07:40:11.283Z
2017-06-19 07:40:11,26541,"[log: 'Client log', msg: 'Youtube video is buffering  content_id : 85145 : of unit :  : of Course : 3356 : video id  : ouMl5HaZ_HA : kenlistID : 4423 at : 703.245748 seconds.']",284458622,2017-06-19T07:40:12.283Z
2017-06-19 07:40:11,26541,"[log: 'Client log', msg: 'User is playing content_id : 85145 : of unit :  : of Course : 3356 : video : ouMl5HaZ_HA : kenlistID : 4423 at : 703.261748032425 seconds.']",284459088,2017-06-19T07:40:12.283Z
2017-06-19 07:39:55,26541,"[log: 'Client log', msg: 'User is playing content_id : 85145 : of unit :  : of Course : 3356 : video : ouMl5HaZ_HA : kenlistID : 4423 at : 626.3177900667572 seconds.']",284445388,2017-06-19T07:39:56.220Z
2017-06-19 07:39:55,26541,"[log: 'Client log', msg: 'Youtube video is buffering  content_id : 85145 : of unit :  : of Course : 3356 : video id  : ouMl5HaZ_HA : kenlistID : 4423 at : 626.26279 seconds.']",284445872,2017-06-19T07:39:56.220Z
2017-06-19 07:40:52,26541,"[log: 'Client log', msg: 'Youtube video is buffering  content_id : 85145 : of unit :  : of Course : 3356 : video id  : ouMl5HaZ_HA : kenlistID : 4423 at : 837.686225 seconds.']",284486562,2017-06-19T07:40:53.454Z
2017-06-19 07:40:52,26541,"[log: 'Client log', msg: 'Youtube video is buffering  content_id : 85145 : of unit :  : of Course : 3356 : video id  : ouMl5HaZ_HA : kenlistID : 4423 at : 847.686225 seconds.']",284487516,2017-06-19T07:40:53.454Z
2017-06-19 07:40:53,26541,"[log: 'Client log', msg: 'User is playing content_id : 85145 : of unit :  : of Course : 3356 : video : ouMl5HaZ_HA : kenlistID : 4423 at : 867.7002249389649 seconds.']",284492185,2017-06-19T07:40:53.454Z
2017-06-19 07:40:45,26541,"[log: 'Client log', msg: 'Youtube video is buffering  content_id : 85145 : of unit :  : of Course : 3356 : video id  : ouMl5HaZ_HA : kenlistID : 4423 at : 816.808934 seconds.']",284482631,2017-06-19T07:40:46.431Z
2017-06-19 07:40:45,26541,"[log: 'Client log', msg: 'Youtube video is buffering  content_id : 85145 : of unit :  : of Course : 3356 : video id  : ouMl5HaZ_HA : kenlistID : 4423 at : 821.808934 seconds.']",284483585,2017-06-19T07:40:46.432Z
2017-06-19 07:40:45,26541,"[log: 'Client log', msg: 'User is playing content_id : 85145 : of unit :  : of Course : 3356 : video : ouMl5HaZ_HA : kenlistID : 4423 at : 821.8259339599457 seconds.']",284484053,2017-06-19T07:40:46.432Z
2017-06-19 07:41:06,26541,"[log: 'Client log', msg: 'User is playing content_id : 85145 : of unit :  : of Course : 3356 : video : ouMl5HaZ_HA : kenlistID : 4423 at : 909.0375485905503 seconds.']",284514785,2017-06-19T07:41:07.519Z
2017-06-19 07:40:45,26541,"[log: 'Client log', msg: 'User is playing content_id : 85145 : of unit :  : of Course : 3356 : video : ouMl5HaZ_HA : kenlistID : 4423 at : 811.8999340801087 seconds.']",284482145,2017-06-19T07:40:45.431Z
2017-06-19 07:41:32,26541,"[log: 'Client log', msg: 'Youtube video is buffering  content_id : 85145 : of unit :  : of Course : 3356 : video id  : ouMl5HaZ_HA : kenlistID : 4423 at : 982.160674 seconds.']",284541997,2017-06-19T07:41:32.627Z
2017-06-19 07:41:32,26541,"[log: 'Client log', msg: 'User is playing content_id : 85145 : of unit :  : of Course : 3356 : video : ouMl5HaZ_HA : kenlistID : 4423 at : 952.178674125885 seconds.']",284543813,2017-06-19T07:41:33.627Z
2017-06-19 07:41:33,26541,"[log: 'Client log', msg: 'Youtube video is buffering  content_id : 85145 : of unit :  : of Course : 3356 : video id  : ouMl5HaZ_HA : kenlistID : 4423 at : 987.160674 seconds.']",284550158,2017-06-19T07:41:33.627Z
2017-06-19 07:42:17,26541,"[log: 'Client log', msg: 'User is playing content_id : 85145 : of unit :  : of Course : 3356 : video : ouMl5HaZ_HA : kenlistID : 4423 at : 1233.3541318550415 seconds.']",284590048,2017-06-19T07:42:18.819Z
2017-06-19 07:41:43,26541,"[log: 'Client log', msg: 'Youtube video is buffering  content_id : 85145 : of unit :  : of Course : 3356 : video id  : ouMl5HaZ_HA : kenlistID : 4423 at : 1053.785653 seconds.']",284561687,2017-06-19T07:41:43.671Z
2017-06-19 07:46:02,26541,"[playlist_id: '4423', content_id: '85147', msg: 'User is on content show page']",284793010,2017-06-19T07:46:04.779Z
2017-06-19 07:49:40,26541,"[log: 'Client log', msg: 'Youtube video is buffering  content_id : 85164 : of unit :  : of Course : 3356 : video id  : I1P5GuVHFQA : kenlistID : 4425 at : 65.309735 seconds.']",284928671,2017-06-19T07:49:40.704Z
2017-06-19 07:49:40,26541,"[log: 'Client log', msg: 'User is playing content_id : 85164 : of unit :  : of Course : 3356 : video : I1P5GuVHFQA : kenlistID : 4425 at : 65.68973511444092 seconds.']",284929139,2017-06-19T07:49:40.704Z
2017-06-19 07:49:06,26541,"[playlist_id: '4425', content_id: '85164', msg: 'User is on content show page']",284895383,2017-06-19T07:49:07.555Z
2017-06-19 07:49:55,26541,"[log: 'Client log', msg: 'User is playing content_id : 85164 : of unit :  : of Course : 3356 : video : I1P5GuVHFQA : kenlistID : 4425 at : 167.27648664364773 seconds.']",284944469,2017-06-19T07:49:55.768Z
2017-06-19 07:50:01,26541,"[log: 'Client log', msg: 'User is paused content_id : 85164 : of unit :  : of Course : 3356 : video : I1P5GuVHFQA : kenlistID : 4425 at : 202.46017699115043 seconds.']",284949372,2017-06-19T07:50:02.789Z
2017-06-19 07:50:04,26541,"[log: 'Client log', msg: 'User watched content_id : 85164 : of unit :  : of Course : 3356 : video : I1P5GuVHFQA : kenlistID : 4425']",284952019,2017-06-19T07:50:05.810Z
2017-06-19 07:50:37,26541,"[log: 'Client log', msg: 'Youtube video is buffering  content_id : 85165 : of unit :  : of Course : 3356 : video id  : Iju5tHB2UCc : kenlistID : 4425 at : 237.7345132743363 seconds.']",284968811,2017-06-19T07:50:39.933Z
2017-06-19 07:57:22,26541,"[log: 'Client log', msg: 'User is playing content_id : 85165 : of unit :  : of Course : 3356 : video : Iju5tHB2UCc : kenlistID : 4425 at : 1134.9358940839234 seconds.']",285080730,2017-06-19T07:57:22.564Z
2017-06-19 07:58:02,26541,"[log: 'Client log', msg: 'User is paused content_id : 85167 : of unit :  : of Course : 3356 : video : KPV9RTQ9qbY : kenlistID : 4425 at : 64.64601769911505 seconds.']",285112085,2017-06-19T07:58:02.728Z
2017-06-19 07:58:03,26541,"[log: 'Client log', msg: 'User is paused content_id : 85167 : of unit :  : of Course : 3356 : video : KPV9RTQ9qbY : kenlistID : 4425 at : 160.3221238938053 seconds.']",285113492,2017-06-19T07:58:03.728Z
2017-06-19 07:57:32,26541,"[playlist_id: '4425', content_id: '85167', msg: 'User is on content show page']",285086080,2017-06-19T07:57:32.605Z
2017-06-19 07:58:32,26541,"[log: 'Client log', msg: 'Youtube video is buffering  content_id : 85167 : of unit :  : of Course : 3356 : video id  : KPV9RTQ9qbY : kenlistID : 4425 at : 269.543579 seconds.']",285130958,2017-06-19T07:58:36.868Z
2017-06-19 07:58:34,26541,"[log: 'Client log', msg: 'User is playing content_id : 85167 : of unit :  : of Course : 3356 : video : KPV9RTQ9qbY : kenlistID : 4425 at : 294.8161829485016 seconds.']",285135232,2017-06-19T07:58:36.868Z
2017-06-19 07:58:21,26541,"[log: 'Client log', msg: 'User is playing content_id : 85167 : of unit :  : of Course : 3356 : video : KPV9RTQ9qbY : kenlistID : 4425 at : 253.6931631411438 seconds.']",285127097,2017-06-19T07:58:21.809Z
2017-06-19 07:58:08,26541,"[log: 'Client log', msg: 'User is paused content_id : 85167 : of unit :  : of Course : 3356 : video : KPV9RTQ9qbY : kenlistID : 4425 at : 232.72566371681415 seconds.']",285119197,2017-06-19T07:58:08.749Z
2017-06-19 07:58:16,26541,"[log: 'Client log', msg: 'User is playing content_id : 85167 : of unit :  : of Course : 3356 : video : KPV9RTQ9qbY : kenlistID : 4425 at : 243.85170516593934 seconds.']",285124242,2017-06-19T07:58:17.789Z
2017-06-19 07:58:45,26541,"[log: 'Client log', msg: 'Youtube video is buffering  content_id : 85167 : of unit :  : of Course : 3356 : video id  : KPV9RTQ9qbY : kenlistID : 4425 at : 314.169224 seconds.']",285139982,2017-06-19T07:58:45.908Z
2017-06-19 07:59:46,26541,"[log: 'Client log', msg: 'User is playing content_id : 85167 : of unit :  : of Course : 3356 : video : KPV9RTQ9qbY : kenlistID : 4425 at : 474.29861688746644 seconds.']",285195818,2017-06-19T07:59:46.154Z
2017-06-19 08:08:26,26541,"[log: 'Client log', msg: 'User is paused content_id : 85167 : of unit :  : of Course : 3356 : video : KPV9RTQ9qbY : kenlistID : 4425 at : 1342.0513274336283 seconds.']",285478097,2017-06-19T08:08:27.219Z
2017-06-19 08:08:26,26541,"[log: 'Client log', msg: 'Youtube video is buffering  content_id : 85167 : of unit :  : of Course : 3356 : video id  : KPV9RTQ9qbY : kenlistID : 4425 at : 1342.0513274336283 seconds.']",285479549,2017-06-19T08:08:27.220Z
2017-06-19 08:08:30,26541,"[log: 'Client log', msg: 'User is playing content_id : 85167 : of unit :  : of Course : 3356 : video : KPV9RTQ9qbY : kenlistID : 4425 at : 1342.131326923706 seconds.']",285483877,2017-06-19T08:08:31.239Z
2017-06-19 08:08:14,26541,"[log: 'Client log', msg: 'User is paused content_id : 85167 : of unit :  : of Course : 3356 : video : KPV9RTQ9qbY : kenlistID : 4425 at : 1036.9221238938053 seconds.']",285474353,2017-06-19T08:08:17.177Z
2017-06-19 08:08:16,26541,"[log: 'Client log', msg: 'User is paused content_id : 85167 : of unit :  : of Course : 3356 : video : KPV9RTQ9qbY : kenlistID : 4425 at : 1194.658407079646 seconds.']",285476693,2017-06-19T08:08:17.177Z
2017-06-19 08:08:23,26541,"[log: 'Client log', msg: 'User is playing content_id : 85167 : of unit :  : of Course : 3356 : video : KPV9RTQ9qbY : kenlistID : 4425 at : 1292.933353993745 seconds.']",285477161,2017-06-19T08:08:24.200Z
2017-06-19 08:08:56,26541,"[log: 'Client log', msg: 'Youtube video is buffering  content_id : 85167 : of unit :  : of Course : 3356 : video id  : KPV9RTQ9qbY : kenlistID : 4425 at : 1399.994501 seconds.']",285492186,2017-06-19T08:08:59.337Z
2017-06-19 08:08:43,26541,"[log: 'Client log', msg: 'User is playing content_id : 85167 : of unit :  : of Course : 3356 : video : KPV9RTQ9qbY : kenlistID : 4425 at : 1388.9794603124128 seconds.']",285490597,2017-06-19T08:08:44.280Z
2017-06-19 08:09:01,26541,"[log: 'Client log', msg: 'User is playing content_id : 85167 : of unit :  : of Course : 3356 : video : KPV9RTQ9qbY : kenlistID : 4425 at : 1427.5900708861057 seconds.']",285495520,2017-06-19T08:09:03.358Z
2017-06-19 08:13:36,26541,"[msg: 'phrase cloud for the video', youtube_id: 'I1P5GuVHFQA']",285611592,2017-06-19T08:13:38.427Z
2017-06-19 08:13:41,26541,"[playlist_id: '4425', content_id: '85168', msg: 'User is on content show page']",285616623,2017-06-19T08:13:42.447Z
2017-06-19 08:13:42,26541,"[msg: 'phrase cloud for the video', youtube_id: 'WVO6G_ULF_Q']",285616850,2017-06-19T08:13:42.447Z
2017-06-19 08:13:32,26541,"[msg: 'Discussions of the sessions', session_id: '5986']",285610464,2017-06-19T08:13:33.408Z
2017-06-19 08:13:32,26541,"[playlist_id: '4425', content_id: '85164', msg: 'User is on content show page']",285610690,2017-06-19T08:13:33.408Z
2017-06-19 08:32:53,26541,"[log: 'Client log', msg: 'User watched content_id : 85168 : of unit :  : of Course : 3356 : video : WVO6G_ULF_Q : kenlistID : 4425']",286309391,2017-06-19T08:32:53.747Z
2017-06-19 08:36:05,26541,"[log: 'Client log', msg: 'User is paused content_id : 85170 : of unit :  : of Course : 3356 : video : U1GTgDQFE4A : kenlistID : 4425 at : 470.869354 seconds.']",286361804,2017-06-19T08:36:06.446Z
2017-06-19 08:43:47,26541,"[log: 'Client log', msg: 'User is paused content_id : 85170 : of unit :  : of Course : 3356 : video : U1GTgDQFE4A : kenlistID : 4425 at : 1014.6265486725664 seconds.']",286519521,2017-06-19T08:43:51.119Z
2017-06-19 08:43:49,26541,"[log: 'Client log', msg: 'User is playing content_id : 85170 : of unit :  : of Course : 3356 : video : U1GTgDQFE4A : kenlistID : 4425 at : 1014.7505487450456 seconds.']",286520441,2017-06-19T08:43:51.119Z
2017-06-19 08:46:11,26541,"[log: 'Client log', msg: 'User is playing content_id : 85170 : of unit :  : of Course : 3356 : video : U1GTgDQFE4A : kenlistID : 4425 at : 1221.0505818455047 seconds.']",286563945,2017-06-19T08:46:11.640Z
2017-06-19 08:46:11,26541,"[log: 'Client log', msg: 'Youtube video is buffering  content_id : 85170 : of unit :  : of Course : 3356 : video id  : U1GTgDQFE4A : kenlistID : 4425 at : 1226.793269 seconds.']",286564433,2017-06-19T08:46:11.640Z
2017-06-19 08:46:11,26541,"[log: 'Client log', msg: 'User is playing content_id : 85170 : of unit :  : of Course : 3356 : video : U1GTgDQFE4A : kenlistID : 4425 at : 1251.8182690953674 seconds.']",286566837,2017-06-19T08:46:12.642Z
2017-06-19 08:46:11,26541,"[log: 'Client log', msg: 'Youtube video is buffering  content_id : 85170 : of unit :  : of Course : 3356 : video id  : U1GTgDQFE4A : kenlistID : 4425 at : 1256.793269 seconds.']",286567795,2017-06-19T08:46:12.642Z
2017-06-19 08:46:12,26541,"[log: 'Client log', msg: 'Youtube video is buffering  content_id : 85170 : of unit :  : of Course : 3356 : video id  : U1GTgDQFE4A : kenlistID : 4425 at : 1296.793269 seconds.']",286569729,2017-06-19T08:46:12.643Z
2017-06-19 08:46:12,26541,"[log: 'Client log', msg: 'Youtube video is buffering  content_id : 85170 : of unit :  : of Course : 3356 : video id  : U1GTgDQFE4A : kenlistID : 4425 at : 1301.793269 seconds.']",286571155,2017-06-19T08:46:12.643Z
2017-06-19 08:47:18,26541,"[log: 'Client log', msg: 'User is paused content_id : 85171 : of unit :  : of Course : 3356 : video : jtlOOOTpZYM : kenlistID : 4425 at : 109.05132743362832 seconds.']",286605682,2017-06-19T08:47:18.892Z
2017-06-19 08:47:18,26541,"[log: 'Client log', msg: 'User is playing content_id : 85171 : of unit :  : of Course : 3356 : video : jtlOOOTpZYM : kenlistID : 4425 at : 109.06632730011391 seconds.']",286606152,2017-06-19T08:47:18.892Z
2017-06-19 08:50:48,26541,"[log: 'Client log', msg: 'User is paused content_id : 85172 : of unit :  : of Course : 3356 : video : uvjZNTqi_aU : kenlistID : 4425 at : 39.36283185840708 seconds.']",286899366,2017-06-19T08:50:50.729Z
2017-06-19 08:50:22,26541,"[playlist_id: '4425', content_id: '85172', msg: 'User is on content show page']",286870980,2017-06-19T08:50:23.612Z
2017-06-19 08:52:00,26541,"[log: 'Client log', msg: 'User is playing content_id : 85172 : of unit :  : of Course : 3356 : video : uvjZNTqi_aU : kenlistID : 4425 at : 194.92701755034187 seconds.']",286949068,2017-06-19T08:52:01.003Z
2017-06-19 08:51:12,26541,"[log: 'Client log', msg: 'User is playing content_id : 85172 : of unit :  : of Course : 3356 : video : uvjZNTqi_aU : kenlistID : 4425 at : 90.60751322855991 seconds.']",286921226,2017-06-19T08:51:12.808Z
2017-06-19 08:54:32,26541,"[log: 'Client log', msg: 'User watched content_id : 85172 : of unit :  : of Course : 3356 : video : uvjZNTqi_aU : kenlistID : 4425']",287009631,2017-06-19T08:54:38.617Z
2017-06-19 08:54:37,26541,"[playlist_id: '4425', content_id: '85173', msg: 'User is on content show page']",287013413,2017-06-19T08:54:38.617Z
2017-06-19 08:54:41,26541,"[log: 'Client log', msg: 'Youtube video is buffering  content_id : 85173 : of unit :  : of Course : 3356 : video id  : AZbCTg8otRc : kenlistID : 4425 at : 0 seconds.']",287014522,2017-06-19T08:54:41.636Z
2017-06-19 08:54:12,26541,"[log: 'Client log', msg: 'User is paused content_id : 85172 : of unit :  : of Course : 3356 : video : uvjZNTqi_aU : kenlistID : 4425 at : 537.3026548672566 seconds.']",287002991,2017-06-19T08:54:13.519Z
2017-06-19 08:54:44,26541,"[log: 'Client log', msg: 'User is playing content_id : 85173 : of unit :  : of Course : 3356 : video : AZbCTg8otRc : kenlistID : 4425 at : 0.003999948501586914 seconds.']",287016803,2017-06-19T08:54:44.637Z
2017-06-19 08:56:59,26541,"[log: 'Client log', msg: 'User is playing content_id : 85173 : of unit :  : of Course : 3356 : video : AZbCTg8otRc : kenlistID : 4425 at : 373.8181150022861 seconds.']",287089129,2017-06-19T08:57:01.200Z
2017-06-19 08:57:31,26541,"[log: 'Client log', msg: 'User is paused content_id : 85173 : of unit :  : of Course : 3356 : video : AZbCTg8otRc : kenlistID : 4425 at : 463.9646017699115 seconds.']",287095250,2017-06-19T08:57:34.319Z
2017-06-19 08:57:31,26541,"[log: 'Client log', msg: 'User is playing content_id : 85173 : of unit :  : of Course : 3356 : video : AZbCTg8otRc : kenlistID : 4425 at : 464.0146017222278 seconds.']",287095718,2017-06-19T08:57:34.319Z
2017-06-19 09:02:37,26541,"[log: 'Client log', msg: 'User is playing content_id : 85173 : of unit :  : of Course : 3356 : video : AZbCTg8otRc : kenlistID : 4425 at : 817.2858721983642 seconds.']",287220771,2017-06-19T09:02:38.572Z
2017-06-19 09:02:37,26541,"[log: 'Client log', msg: 'User is playing content_id : 85173 : of unit :  : of Course : 3356 : video : AZbCTg8otRc : kenlistID : 4425 at : 852.2898719084473 seconds.']",287223633,2017-06-19T09:02:38.572Z
2017-06-19 09:02:38,26541,"[log: 'Client log', msg: 'Youtube video is buffering  content_id : 85173 : of unit :  : of Course : 3356 : video id  : AZbCTg8otRc : kenlistID : 4425 at : 872.268872 seconds.']",287225073,2017-06-19T09:02:38.572Z
2017-06-19 09:02:38,26541,"[log: 'Client log', msg: 'User is playing content_id : 85173 : of unit :  : of Course : 3356 : video : AZbCTg8otRc : kenlistID : 4425 at : 887.2698719275207 seconds.']",287227449,2017-06-19T09:02:39.573Z
2017-06-19 09:02:39,26541,"[log: 'Client log', msg: 'Youtube video is buffering  content_id : 85173 : of unit :  : of Course : 3356 : video id  : AZbCTg8otRc : kenlistID : 4425 at : 907.268872 seconds.']",287230452,2017-06-19T09:02:40.573Z
2017-06-19 09:22:31,26541,"[log: 'Client log', msg: 'Youtube video is buffering  content_id : 85175 : of unit :  : of Course : 3356 : video id  : lzBGZaS1apw : kenlistID : 4425 at : 2060.0814159292036 seconds.']",287734367,2017-06-19T09:22:32.729Z
2017-06-19 09:25:06,26541,"[log: 'Client log', msg: 'Youtube video is buffering  content_id : 85176 : of unit :  : of Course : 3356 : video id  : Rj9niLlyzp8 : kenlistID : 4425 at : 132.557242 seconds.']",287810708,2017-06-19T09:25:07.369Z
2017-06-19 09:25:32,26541,"[log: 'Client log', msg: 'User is paused content_id : 85176 : of unit :  : of Course : 3356 : video : Rj9niLlyzp8 : kenlistID : 4425 at : 301.4654867256637 seconds.']",287823480,2017-06-19T09:25:32.476Z
2017-06-19 09:25:32,26541,"[log: 'Client log', msg: 'User is playing content_id : 85176 : of unit :  : of Course : 3356 : video : Rj9niLlyzp8 : kenlistID : 4425 at : 301.52748676190333 seconds.']",287823950,2017-06-19T09:25:32.476Z
2017-06-19 09:25:51,26541,"[log: 'Client log', msg: 'User is paused content_id : 85176 : of unit :  : of Course : 3356 : video : Rj9niLlyzp8 : kenlistID : 4425 at : 310.193402 seconds.']",287832374,2017-06-19T09:25:52.559Z
2017-06-19 09:30:00,26541,"[log: 'Client log', msg: 'User is playing content_id : 85177 : of unit :  : of Course : 3356 : video : 4TIQYEv1OsE : kenlistID : 4425 at : 205.46378764304438 seconds.']",287914644,2017-06-19T09:30:00.585Z
2017-06-19 09:30:00,26541,"[log: 'Client log', msg: 'User is paused content_id : 85177 : of unit :  : of Course : 3356 : video : 4TIQYEv1OsE : kenlistID : 4425 at : 234.66902654867258 seconds.']",287915490,2017-06-19T09:30:00.585Z
2017-06-19 09:32:01,26541,"[playlist_id: '4425', content_id: '85171', msg: 'User is on content show page']",287990341,2017-06-19T09:32:02.123Z
2017-06-19 09:31:24,26541,"[log: 'Client log', msg: 'Youtube video is buffering  content_id : 85164 : of unit :  : of Course : 3356 : video id  : I1P5GuVHFQA : kenlistID : 4425 at : 0 seconds.']",287978105,2017-06-19T09:31:26.973Z
2017-06-19 09:31:17,26541,"[playlist_id: '4425', content_id: '85164', msg: 'User is on content show page']",287971843,2017-06-19T09:31:18.929Z
2017-06-19 09:31:21,26541,"[playlist_id: '4425', content_id: '85164', msg: 'User is on content show page']",287975872,2017-06-19T09:31:21.951Z
2017-06-19 09:32:35,26541,"[log: 'Client log', msg: 'User is playing content_id : 85171 : of unit :  : of Course : 3356 : video : jtlOOOTpZYM : kenlistID : 4425 at : 105.60538079400635 seconds.']",288001005,2017-06-19T09:32:36.275Z
2017-06-19 09:33:05,26541,"[log: 'Client log', msg: 'User is playing content_id : 85171 : of unit :  : of Course : 3356 : video : jtlOOOTpZYM : kenlistID : 4425 at : 163.82399112946166 seconds.']",288022726,2017-06-19T09:33:06.409Z
2017-06-19 09:32:29,26541,"[log: 'Client log', msg: 'Youtube video is buffering  content_id : 85171 : of unit :  : of Course : 3356 : video id  : jtlOOOTpZYM : kenlistID : 4425 at : 54.52566371681416 seconds.']",287996105,2017-06-19T09:32:29.232Z
2017-06-19 09:34:56,26541,"[log: 'Client log', msg: 'Youtube video is buffering  content_id : 85171 : of unit :  : of Course : 3356 : video id  : jtlOOOTpZYM : kenlistID : 4425 at : 259.6460176991151 seconds.']",288153518,2017-06-19T09:34:57.896Z
2017-06-19 09:34:49,26541,"[log: 'Client log', msg: 'User is playing content_id : 85171 : of unit :  : of Course : 3356 : video : jtlOOOTpZYM : kenlistID : 4425 at : 210.33627433819052 seconds.']",288144584,2017-06-19T09:34:49.852Z
2017-06-19 09:37:19,26541,"[log: 'Client log', msg: 'User is paused content_id : 85171 : of unit :  : of Course : 3356 : video : jtlOOOTpZYM : kenlistID : 4425 at : 416.29911504424774 seconds.']",288228019,2017-06-19T09:37:20.508Z
2017-06-19 09:37:20,26541,"[log: 'Client log', msg: 'User is paused content_id : 85171 : of unit :  : of Course : 3356 : video : jtlOOOTpZYM : kenlistID : 4425 at : 439.6672566371682 seconds.']",288228953,2017-06-19T09:37:20.508Z
2017-06-19 09:37:50,26541,"[log: 'Client log', msg: 'User watched content_id : 85171 : of unit :  : of Course : 3356 : video : jtlOOOTpZYM : kenlistID : 4425']",288248242,2017-06-19T09:37:51.663Z
2017-06-19 09:40:46,26541,"[log: 'Client log', msg: 'User is playing content_id : 85172 : of unit :  : of Course : 3356 : video : uvjZNTqi_aU : kenlistID : 4425 at : 510.7447432083366 seconds.']",288334317,2017-06-19T09:40:47.447Z
2017-06-19 09:40:21,26541,"[log: 'Client log', msg: 'User is paused content_id : 85172 : of unit :  : of Course : 3356 : video : uvjZNTqi_aU : kenlistID : 4425 at : 419.2141592920354 seconds.']",288298618,2017-06-19T09:40:23.326Z
2017-06-19 09:40:08,26541,"[log: 'Client log', msg: 'User is paused content_id : 85172 : of unit :  : of Course : 3356 : video : uvjZNTqi_aU : kenlistID : 4425 at : 370.9946902654867 seconds.']",288297134,2017-06-19T09:40:09.259Z
2017-06-19 09:41:11,26541,"[log: 'Client log', msg: 'User is playing content_id : 85173 : of unit :  : of Course : 3356 : video : AZbCTg8otRc : kenlistID : 4425 at : 0.012000083923339844 seconds.']",288392938,2017-06-19T09:41:11.564Z
2017-06-19 09:43:46,26541,"[log: 'Client log', msg: 'User is paused content_id : 85173 : of unit :  : of Course : 3356 : video : AZbCTg8otRc : kenlistID : 4425 at : 566.8672566371681 seconds.']",288532472,2017-06-19T09:43:46.292Z
2017-06-19 09:44:45,26541,"[log: 'Client log', msg: 'Youtube video is buffering  content_id : 85173 : of unit :  : of Course : 3356 : video id  : AZbCTg8otRc : kenlistID : 4425 at : 779.966582 seconds.']",288601032,2017-06-19T09:44:45.559Z
2017-06-19 09:44:42,26541,"[log: 'Client log', msg: 'Youtube video is buffering  content_id : 85173 : of unit :  : of Course : 3356 : video id  : AZbCTg8otRc : kenlistID : 4425 at : 699.944395 seconds.']",288594866,2017-06-19T09:44:42.558Z
2017-06-19 09:44:24,26541,"[log: 'Client log', msg: 'User is playing content_id : 85173 : of unit :  : of Course : 3356 : video : AZbCTg8otRc : kenlistID : 4425 at : 680.6597697608238 seconds.']",288563055,2017-06-19T09:44:24.462Z
2017-06-19 09:44:54,26541,"[log: 'Client log', msg: 'Youtube video is buffering  content_id : 85173 : of unit :  : of Course : 3356 : video id  : AZbCTg8otRc : kenlistID : 4425 at : 915.629457 seconds.']",288603068,2017-06-19T09:44:55.607Z
2017-06-19 09:44:55,26541,"[log: 'Client log', msg: 'Youtube video is buffering  content_id : 85173 : of unit :  : of Course : 3356 : video id  : AZbCTg8otRc : kenlistID : 4425 at : 950.691686 seconds.']",288604577,2017-06-19T09:44:56.630Z
2017-06-19 09:44:57,26541,"[log: 'Client log', msg: 'User is playing content_id : 85173 : of unit :  : of Course : 3356 : video : AZbCTg8otRc : kenlistID : 4425 at : 950.6936860934601 seconds.']",288608925,2017-06-19T09:44:57.631Z
2017-06-19 09:45:23,26541,"[log: 'Client log', msg: 'Youtube video is buffering  content_id : 85175 : of unit :  : of Course : 3356 : video id  : lzBGZaS1apw : kenlistID : 4425 at : 0 seconds.']",288629735,2017-06-19T09:45:24.753Z
2017-06-19 09:45:04,26541,"[log: 'Client log', msg: 'User is playing content_id : 85173 : of unit :  : of Course : 3356 : video : AZbCTg8otRc : kenlistID : 4425 at : 1009.1913110419616 seconds.']",288615403,2017-06-19T09:45:05.655Z
2017-06-19 09:45:02,26541,"[log: 'Client log', msg: 'User is playing content_id : 85173 : of unit :  : of Course : 3356 : video : AZbCTg8otRc : kenlistID : 4425 at : 999.2603110476837 seconds.']",288614445,2017-06-19T09:45:02.655Z
2017-06-19 09:46:04,26541,"[log: 'Client log', msg: 'User is playing content_id : 85175 : of unit :  : of Course : 3356 : video : lzBGZaS1apw : kenlistID : 4425 at : 640.3115752536639 seconds.']",288685026,2017-06-19T09:46:04.954Z
2017-06-19 09:46:06,26541,"[log: 'Client log', msg: 'User is paused content_id : 85175 : of unit :  : of Course : 3356 : video : lzBGZaS1apw : kenlistID : 4425 at : 839.1451327433628 seconds.']",288689360,2017-06-19T09:46:06.978Z
2017-06-19 09:46:00,26541,"[log: 'Client log', msg: 'User is paused content_id : 85175 : of unit :  : of Course : 3356 : video : lzBGZaS1apw : kenlistID : 4425 at : 457.353982300885 seconds.']",288676425,2017-06-19T09:46:00.929Z
2017-06-19 09:45:56,26541,"[log: 'Client log', msg: 'User is playing content_id : 85175 : of unit :  : of Course : 3356 : video : lzBGZaS1apw : kenlistID : 4425 at : 87.50380530019777 seconds.']",288674657,2017-06-19T09:45:56.928Z
2017-06-19 09:46:50,26541,"[log: 'Client log', msg: 'Youtube video is buffering  content_id : 85175 : of unit :  : of Course : 3356 : video id  : lzBGZaS1apw : kenlistID : 4425 at : 898.266965 seconds.']",288747053,2017-06-19T09:46:51.205Z
2017-06-19 09:46:50,26541,"[log: 'Client log', msg: 'Youtube video is buffering  content_id : 85175 : of unit :  : of Course : 3356 : video id  : lzBGZaS1apw : kenlistID : 4425 at : 908.266965 seconds.']",288748949,2017-06-19T09:46:51.205Z
2017-06-19 09:46:51,26541,"[log: 'Client log', msg: 'User is playing content_id : 85175 : of unit :  : of Course : 3356 : video : lzBGZaS1apw : kenlistID : 4425 at : 908.3099649828339 seconds.']",288749417,2017-06-19T09:46:51.205Z
2017-06-19 09:46:52,26541,"[log: 'Client log', msg: 'Youtube video is buffering  content_id : 85175 : of unit :  : of Course : 3356 : video id  : lzBGZaS1apw : kenlistID : 4425 at : 918.739235 seconds.']",288755111,2017-06-19T09:46:52.206Z
2017-06-19 09:46:52,26541,"[log: 'Client log', msg: 'User is playing content_id : 85175 : of unit :  : of Course : 3356 : video : lzBGZaS1apw : kenlistID : 4425 at : 923.8027549275207 seconds.']",288756533,2017-06-19T09:46:53.206Z
2017-06-19 09:46:54,26541,"[log: 'Client log', msg: 'Youtube video is buffering  content_id : 85175 : of unit :  : of Course : 3356 : video id  : lzBGZaS1apw : kenlistID : 4425 at : 943.947192 seconds.']",288758927,2017-06-19T09:46:54.207Z
2017-06-19 09:47:03,26541,"[log: 'Client log', msg: 'Youtube video is buffering  content_id : 85175 : of unit :  : of Course : 3356 : video id  : lzBGZaS1apw : kenlistID : 4425 at : 1325.314483 seconds.']",288765039,2017-06-19T09:47:04.256Z
2017-06-19 09:47:04,26541,"[log: 'Client log', msg: 'User is playing content_id : 85175 : of unit :  : of Course : 3356 : video : lzBGZaS1apw : kenlistID : 4425 at : 1325.3394830953675 seconds.']",288765509,2017-06-19T09:47:04.256Z
2017-06-19 09:47:17,26541,"[log: 'Client log', msg: 'User is paused content_id : 85175 : of unit :  : of Course : 3356 : video : lzBGZaS1apw : kenlistID : 4425 at : 1801.5769911504424 seconds.']",288782046,2017-06-19T09:47:18.331Z
2017-06-19 09:46:54,26541,"[log: 'Client log', msg: 'Youtube video is buffering  content_id : 85175 : of unit :  : of Course : 3356 : video id  : lzBGZaS1apw : kenlistID : 4425 at : 948.947192 seconds.']",288760332,2017-06-19T09:46:55.207Z
2017-06-19 09:46:55,26541,"[log: 'Client log', msg: 'Youtube video is buffering  content_id : 85175 : of unit :  : of Course : 3356 : video id  : lzBGZaS1apw : kenlistID : 4425 at : 968.947192 seconds.']",288761286,2017-06-19T09:46:55.207Z
2017-06-19 09:47:52,26541,"[log: 'Client log', msg: 'User is playing content_id : 85175 : of unit :  : of Course : 3356 : video : lzBGZaS1apw : kenlistID : 4425 at : 2167.481177146866 seconds.']",288809415,2017-06-19T09:47:52.507Z
2017-06-19 09:48:26,26541,"[msg: 'phrase cloud for the video', youtube_id: 'Rj9niLlyzp8']",288832078,2017-06-19T09:48:26.685Z
2017-06-19 09:47:49,26541,"[log: 'Client log', msg: 'User is playing content_id : 85175 : of unit :  : of Course : 3356 : video : lzBGZaS1apw : kenlistID : 4425 at : 2167.4611771570894 seconds.']",288802364,2017-06-19T09:47:49.482Z
2017-06-19 09:47:57,26541,"[log: 'Client log', msg: 'User is paused content_id : 85175 : of unit :  : of Course : 3356 : video : lzBGZaS1apw : kenlistID : 4425 at : 2227.1150442477874 seconds.']",288812519,2017-06-19T09:47:59.533Z
2017-06-19 09:48:23,26541,"[log: 'Client log', msg: 'User watched content_id : 85175 : of unit :  : of Course : 3356 : video : lzBGZaS1apw : kenlistID : 4425']",288829028,2017-06-19T09:48:24.660Z
2017-06-19 09:52:59,26541,"[log: 'Client log', msg: 'User is paused content_id : 85176 : of unit :  : of Course : 3356 : video : Rj9niLlyzp8 : kenlistID : 4425 at : 335.94159292035397 seconds.']",289042248,2017-06-19T09:53:00.086Z
2017-06-19 09:53:52,26541,"[msg: 'phrase cloud for the video', youtube_id: '4TIQYEv1OsE']",289100173,2017-06-19T09:53:53.378Z
2017-06-19 09:53:48,26541,"[playlist_id: '4425', content_id: '85177', msg: 'User is on content show page']",289095775,2017-06-19T09:53:48.349Z
2017-06-19 09:57:37,26541,"[log: 'Client log', msg: 'User is paused content_id : 85177 : of unit :  : of Course : 3356 : video : 4TIQYEv1OsE : kenlistID : 4425 at : 155.54690265486727 seconds.']",289201827,2017-06-19T09:57:39.595Z
2017-06-19 09:57:48,26541,"[log: 'Client log', msg: 'User watched content_id : 85177 : of unit :  : of Course : 3356 : video : 4TIQYEv1OsE : kenlistID : 4425']",289208610,2017-06-19T09:57:48.651Z
2017-06-19 10:06:03,26541,"[playlist_id: '4425', content_id: '85178', msg: 'User is on content show page']",289554728,2017-06-19T10:06:04.544Z
2017-06-19 10:06:03,26541,"[playlist_id: '4425', content_id: '85178', msg: 'User is on content show page']",289554954,2017-06-19T10:06:04.544Z
2017-06-19 10:06:46,26541,"[log: 'Client log', msg: 'User is paused content_id : 85178 : of unit :  : of Course : 3356 : video : QSfeWtmWynI : kenlistID : 4425 at : 47.696583000000004 seconds.']",289580645,2017-06-19T10:06:46.820Z
2017-06-19 10:09:41,26541,"[log: 'Client log', msg: 'User is playing content_id : 85178 : of unit :  : of Course : 3356 : video : QSfeWtmWynI : kenlistID : 4425 at : 110.45132724289346 seconds.']",289750046,2017-06-19T10:09:41.917Z
2017-06-19 10:09:42,26541,"[log: 'Client log', msg: 'User is paused content_id : 85178 : of unit :  : of Course : 3356 : video : QSfeWtmWynI : kenlistID : 4425 at : 197.09734513274336 seconds.']",289751904,2017-06-19T10:09:42.917Z
2017-06-19 10:09:42,26541,"[log: 'Client log', msg: 'User is playing content_id : 85178 : of unit :  : of Course : 3356 : video : QSfeWtmWynI : kenlistID : 4425 at : 197.18734504691267 seconds.']",289752374,2017-06-19T10:09:42.917Z
2017-06-19 10:09:42,26541,"[log: 'Client log', msg: 'User is playing content_id : 85178 : of unit :  : of Course : 3356 : video : QSfeWtmWynI : kenlistID : 4425 at : 152.7594425408186 seconds.']",289752842,2017-06-19T10:09:42.917Z
2017-06-19 10:09:43,26541,"[log: 'Client log', msg: 'User is paused content_id : 85178 : of unit :  : of Course : 3356 : video : QSfeWtmWynI : kenlistID : 4425 at : 230.97345132743365 seconds.']",289756034,2017-06-19T10:09:43.918Z
2017-06-19 10:10:07,26541,"[log: 'Client log', msg: 'User is playing content_id : 85178 : of unit :  : of Course : 3356 : video : QSfeWtmWynI : kenlistID : 4425 at : 317.93746905706627 seconds.']",289775167,2017-06-19T10:10:07.075Z
2017-06-19 10:10:10,26541,"[log: 'Client log', msg: 'User is playing content_id : 85178 : of unit :  : of Course : 3356 : video : QSfeWtmWynI : kenlistID : 4425 at : 343.7404956209976 seconds.']",289778133,2017-06-19T10:10:12.108Z
2017-06-19 10:10:57,26541,"[log: 'Client log', msg: 'Youtube video is buffering  content_id : 85179 : of unit :  : of Course : 3356 : video id  : aIyu-63ruMU : kenlistID : 4425 at : 189.70619469026548 seconds.']",289808240,2017-06-19T10:10:58.394Z
2017-06-19 10:10:16,26541,"[playlist_id: '4425', content_id: '85179', msg: 'User is on content show page']",289782487,2017-06-19T10:10:17.140Z
2017-06-19 10:10:21,26541,"[playlist_id: '4425', content_id: '85179', msg: 'User is on content show page']",289784220,2017-06-19T10:10:22.171Z
2017-06-19 10:12:07,26541,"[log: 'Client log', msg: 'Youtube video is buffering  content_id : 85179 : of unit :  : of Course : 3356 : video id  : aIyu-63ruMU : kenlistID : 4425 at : 205.541361 seconds.']",289835893,2017-06-19T10:12:07.838Z
2017-06-19 10:12:10,26541,"[log: 'Client log', msg: 'User is playing content_id : 85179 : of unit :  : of Course : 3356 : video : aIyu-63ruMU : kenlistID : 4425 at : 216.53810989700318 seconds.']",289842498,2017-06-19T10:12:10.839Z
2017-06-19 10:12:11,26541,"[log: 'Client log', msg: 'User is paused content_id : 85179 : of unit :  : of Course : 3356 : video : aIyu-63ruMU : kenlistID : 4425 at : 276.65486725663715 seconds.']",289843189,2017-06-19T10:12:11.871Z
2017-06-19 10:12:40,26541,"[log: 'Client log', msg: 'User is playing content_id : 85179 : of unit :  : of Course : 3356 : video : aIyu-63ruMU : kenlistID : 4425 at : 735.137504447667 seconds.']",289856055,2017-06-19T10:12:41.032Z
2017-06-19 10:12:48,26541,"[log: 'Client log', msg: 'Youtube video is buffering  content_id : 85179 : of unit :  : of Course : 3356 : video id  : aIyu-63ruMU : kenlistID : 4425 at : 1011.7663716814159 seconds.']",289863180,2017-06-19T10:12:49.097Z
2017-06-19 10:12:12,26541,"[log: 'Client log', msg: 'User is paused content_id : 85179 : of unit :  : of Course : 3356 : video : aIyu-63ruMU : kenlistID : 4425 at : 351.74690265486726 seconds.']",289845701,2017-06-19T10:12:13.871Z
2017-06-19 10:14:48,26541,"[log: 'Client log', msg: 'User is paused content_id : 85179 : of unit :  : of Course : 3356 : video : aIyu-63ruMU : kenlistID : 4425 at : 2074.9115044247787 seconds.']",289911347,2017-06-19T10:14:49.878Z
2017-06-19 10:14:48,26541,"[log: 'Client log', msg: 'User is paused content_id : 85179 : of unit :  : of Course : 3356 : video : aIyu-63ruMU : kenlistID : 4425 at : 2213.238938053097 seconds.']",289912313,2017-06-19T10:14:49.879Z
2017-06-19 10:14:49,26541,"[log: 'Client log', msg: 'User is playing content_id : 85179 : of unit :  : of Course : 3356 : video : aIyu-63ruMU : kenlistID : 4425 at : 2213.2579380534057 seconds.']",289914312,2017-06-19T10:14:49.879Z
2017-06-19 10:13:30,26541,"[log: 'Client log', msg: 'User is paused content_id : 85179 : of unit :  : of Course : 3356 : video : aIyu-63ruMU : kenlistID : 4425 at : 1331.895575221239 seconds.']",289887788,2017-06-19T10:13:31.388Z
2017-06-19 10:15:34,26541,"[playlist_id: '4425', content_id: '85180', msg: 'User is on content show page']",289923034,2017-06-19T10:15:35.173Z
2017-06-19 10:18:14,26541,"[log: 'Client log', msg: 'User is playing content_id : 85180 : of unit :  : of Course : 3356 : video : b5Xi1LfeJdw : kenlistID : 4425 at : 41.38368084550476 seconds.']",289975679,2017-06-19T10:18:15.249Z
2017-06-19 10:21:48,26541,"[log: 'Client log', msg: 'Youtube video is buffering  content_id : 85181 : of unit :  : of Course : 3356 : video id  : wU1h-Ee5T5A : kenlistID : 4425 at : 0 seconds.']",290077575,2017-06-19T10:21:48.732Z
2017-06-19 10:23:32,26541,"[log: 'Client log', msg: 'User watched content_id : 85181 : of unit :  : of Course : 3356 : video : wU1h-Ee5T5A : kenlistID : 4425']",290123201,2017-06-19T10:23:32.479Z
2017-06-19 10:23:44,26541,"[log: 'Client log', msg: 'Youtube video is buffering  content_id : 85182 : of unit :  : of Course : 3356 : video id  : Xv55EYGIUn4 : kenlistID : 4425 at : 0 seconds.']",290130930,2017-06-19T10:23:44.552Z
2017-06-19 10:27:38,26541,"[log: 'Client log', msg: 'User is playing content_id : 85182 : of unit :  : of Course : 3356 : video : Xv55EYGIUn4 : kenlistID : 4425 at : 416.61367262359215 seconds.']",290260887,2017-06-19T10:27:38.269Z
2017-06-19 10:28:27,26541,"[log: 'Client log', msg: 'Youtube video is buffering  content_id : 85182 : of unit :  : of Course : 3356 : video id  : Xv55EYGIUn4 : kenlistID : 4425 at : 1194.1061946902655 seconds.']",290327744,2017-06-19T10:28:29.644Z
2017-06-19 10:40:56,26541,"[log: 'Client log', msg: 'Youtube video is buffering  content_id : 85182 : of unit :  : of Course : 3356 : video id  : Xv55EYGIUn4 : kenlistID : 4425 at : 1964.349687 seconds.']",290693922,2017-06-19T10:40:56.538Z
2017-06-19 10:44:43,26541,"[msg: 'phrase cloud for the video', youtube_id: 'B-2nzWfJE-k']",290851626,2017-06-19T10:44:45.486Z
2017-06-19 10:46:00,26541,"[msg: 'phrase cloud for the video', youtube_id: 'Gsj44ObhL24']",290910200,2017-06-19T10:46:01.134Z
2017-06-19 10:45:51,26541,"[log: 'Client log', msg: 'User watched content_id : 85183 : of unit :  : of Course : 3356 : video : B-2nzWfJE-k : kenlistID : 4425']",290899275,2017-06-19T10:45:52.088Z
2017-06-19 10:46:20,26541,"[log: 'Client log', msg: 'User is paused content_id : 85184 : of unit :  : of Course : 3356 : video : Gsj44ObhL24 : kenlistID : 4425 at : 31.03716814159292 seconds.']",290914273,2017-06-19T10:46:27.391Z
2017-06-19 10:46:22,26541,"[log: 'Client log', msg: 'Youtube video is buffering  content_id : 85184 : of unit :  : of Course : 3356 : video id  : Gsj44ObhL24 : kenlistID : 4425 at : 52.860176991150446 seconds.']",290916653,2017-06-19T10:46:27.391Z
2017-06-19 10:46:25,26541,"[log: 'Client log', msg: 'User is playing content_id : 85184 : of unit :  : of Course : 3356 : video : Gsj44ObhL24 : kenlistID : 4425 at : 78.10687604386902 seconds.']",290920171,2017-06-19T10:46:27.391Z
2017-06-19 10:45:53,26541,"[playlist_id: '4425', content_id: '85184', msg: 'User is on content show page']",290905333,2017-06-19T10:45:54.089Z
2017-06-19 10:51:21,26541,"[log: 'Client log', msg: 'User is playing content_id : 85186 : of unit :  : of Course : 3356 : video : uxViZYNoqcA : kenlistID : 4425 at : 75.99244181689453 seconds.']",291027112,2017-06-19T10:51:22.989Z
2017-06-19 10:50:37,26541,"[log: 'Client log', msg: 'Youtube video is buffering  content_id : 85186 : of unit :  : of Course : 3356 : video id  : uxViZYNoqcA : kenlistID : 4425 at : 0 seconds.']",291020976,2017-06-19T10:50:37.587Z
2017-06-19 10:50:31,26541,"[log: 'Client log', msg: 'User watched content_id : 85185 : of unit :  : of Course : 3356 : video : 90p4RylQ8Aw : kenlistID : 4425']",291019401,2017-06-19T10:50:33.542Z
2017-06-19 10:53:34,26541,"[msg: 'Assignments of the sessions', session_id: '5985']",291075370,2017-06-19T10:53:35.171Z
2017-06-19 10:53:34,26541,"[msg: 'Discussions of the sessions', session_id: '5985']",291075577,2017-06-19T10:53:35.171Z
2017-06-19 10:53:46,26541,[msg: User on curriculum show page.],291077267,2017-06-19T10:53:47.307Z
2017-06-19 10:55:52,26541,"[log: 'Client log', msg: 'Youtube video is buffering  content_id : 85161 : of unit :  : of Course : 3356 : video id  : HvV9a3lEe2g : kenlistID : 4424 at : 133.91150442477877 seconds.']",291118887,2017-06-19T10:55:54.461Z
