video_id,duration
-7zp6ZZTH34,00:03:16
Y53KnkQtVj0,00:01:03
77GGXhnsnkE,00:12:54
5RI9qC0JSuE,00:01:23
XyNWEWUSa5E,00:10:55
Xhe40lwemMg,00:00:38
e8Cw17p_BiU,00:13:41
kd0VMGnsOo8,00:01:14
33Y_5gOyi3Y,00:10:32
lnqjNYd_hho,00:10:15
XDVV29jJjuE,00:01:58
Y-eClU_8TMk,00:02:22
_1sEg_aWbJ0,00:40:55
Q8lQ6ii7Sfo,00:02:22
WhQJM6NH104,00:12:02
N7b5g48Gk6c,00:00:29
5zyFHe_O60k,00:01:24
P32hvk8b13M,01:00:32
BmQ_a7LZB5w,00:05:16
UkGaIfk73PM,00:29:55
bujOtGbkVB8,00:03:56
b6KBPaSpvQQ,00:43:50
fJORlbOGm9Y,00:05:15
wMRVFAJg3CA,00:12:11
OXakAR4dl34,00:01:15
Ba7Fs7SJOAg,00:01:12
D-R8PpDwXFw,00:19:56
rZN5uSbSvSo,00:04:09
OKswUrC3nAw,00:02:35
iNIwGrvrT3U,00:01:45
VMu7_W0QE3Y,00:04:04
-Ve7ZUbbjQ8,00:04:35
_79j_-2xMrQ,00:07:04
bWOKc_MXUh0,00:00:23
4g3CwAunQcM,00:01:14
GeLp4F-Svc8,00:06:03
4cM_hcITYHs,00:01:56
JA7vzIfD8Hw,00:00:10
AFp5ouiX6bw,00:14:43
Os5YLB5D2BU,00:43:07
D1CnNAszv_M,00:08:36
kQFKYp0p8po,00:03:17
0A9pYr8wevk,01:02:34
ffZ9PGSYElo,00:00:17
UTY09SYUfWw,00:00:42
jgbhShTU4dY,00:00:48
ZvUnPGkQBQ0,00:04:01
9BdtGjoIN4E,00:01:50
pBfyhBh4LxU,00:00:34
Nwmo9QKeF0Q,00:57:37
MwRZrDDjouo,00:59:53
2mX5eewxxEw,00:04:39
rDGAAGxrZWU,00:01:17
k-nSyfh6jr8,00:05:35
_xx2F3RgUL0,00:24:48
Eaz0P_gJ9FE,00:14:00
e1YafrxYOWw,00:12:08
2lrNZdY3fE4,00:15:41
vRlFnYQmP90,00:00:23
xF9r2xWhBLo,00:00:36
zl203Xj26AI,00:07:54
g9NKAPaqO3o,00:01:47
y0GSc5fKtl8,01:01:49
AVbZk9YXlJQ,00:00:20
pZb6175kqMk,00:51:22
U5TIHgt-G1U,00:00:19
0jhQBQcGnuM,00:09:00
NjGruQAmTyM,00:00:11
RlArcd5zeDA,00:05:47
ojOUIg13g3I,00:12:28
nZMNxQhYoG4,00:05:53
Mc_EZY4213c,00:04:53
w2FJHN3T5C0,00:01:57
AI_jejvTblE,00:37:24
psJtcFpoUdY,00:07:56
1pVolaKhxVM,00:59:41
9ElsoZgRcfI,00:21:08
wlMSgRhaMAw,00:11:41
r4tVe98MGPM,00:00:34
O17TOOOVkgs,00:08:38
QW-5FGqywaw,00:00:47
ulmg24T757Q,00:00:16
CkvKYCg36C8,00:02:49
f8AF5wrzNrs,00:55:08
FQWba56Olsg,00:00:29
0n6TZpm2XX4,00:00:28
IMFDdTUre4Q,00:05:44
aBZlbb9sE-g,00:07:30
KZe6n8xMkUU,00:15:24
9EtjvjW_yLw,00:42:38
4Cjptz2qU0o,00:00:37
ftBw2Ib_Npo,00:01:44
Fj-cmQ55J5Y,00:02:06
Nj3_DMUXEbE,00:09:54
Iju5tHB2UCc,00:19:28
6L6Clu1uzj4,00:00:28
TT0TcIUo88E,00:14:01
p32owQE_5u0,00:06:01
7LQuBB05Tm8,00:01:49
VEzWZav5EkA,00:04:39
IiHrZcZrT64,00:09:14
0z2ov0sEWtk,00:13:07
dNF9SCWLgKI,00:06:39
SnsgB3YK9EY,00:00:44
zj-Q4RPTtSI,00:07:31
BPw-iesWa_8,00:04:12
Fotwf6qVXcI,00:47:01
DbAEuFbFaco,00:02:56
VoDEIyXtO5U,00:09:55
TbA8lmk7tr4,00:00:59
M69cRN2SaUA,00:03:59
47YrEouBB8M,00:22:16
blDsmrsyOME,00:11:46
G7o7rflSvZE,00:01:14
tYQU29RaLWE,00:11:18
pW2jDTf82IM,00:08:24
GJbtDTGmOGY,00:16:15
GgIUhWjFlyU,00:02:09
44oVGsD5-1w,00:00:15
pDFsarRJ9Uw,00:01:41
eccsp0hYptA,00:09:22
mj2VjcOXXs4,00:24:17
FvKoT1tFyBM,00:01:18
BxXRelFfKWQ,00:01:46
9ZpeeilvNQY,00:06:29
ISLeBXb3xec,00:40:53
b410-sVPEEY,00:01:12
qC9GwSGgWqI,00:00:49
B47Idwxi3jI,00:16:52
h6Q-5Q2N5ck,01:00:49
yMseUJm1604,00:05:11
JVYAanFi0q8,00:00:32
jyULNpjgC8Y,00:02:54
nLiE8U_qO14,00:00:49
FNnPScv9Qkg,00:18:32
o9ToXNdHANE,00:14:37
X30OwlsMWak,01:14:09
832SYFEyxjM,00:01:19
sRjN7Rllgrk,00:09:37
8pvlAAu377s,00:00:28
7eVUWLv6gz4,00:03:54
4lNeRGyYL-4,00:01:10
IOo7UJuKsHs,00:08:40
X1DcpcgSUXw,00:11:37
mfKDVI_Ziik,00:01:01
lBGo_pvbM6Q,00:13:15
nz3NYD73H6E,00:55:35
8d2pSUH6BKA,00:02:52
lxSjaArA5TQ,00:03:20
mZ5H8sn_2ZI,00:02:56
Gm4sNBDnE4M,00:00:52
8lMAMQZRwQM,00:05:25
sCCBJBb4HQA,00:16:53
7QVvV-dkyvE,00:07:25
paWIY7EPWpE,00:05:55
e2ad4BuOKzw,00:06:55
oj3HNJOchgI,00:14:28
9Gsmiff27do,01:24:45
47IlHYmqNlY,00:13:24
A5-S4oLBkAo,00:01:29
Zlt2FYupwEg,00:07:27
cDIrlTjHS8o,00:04:54
DZaQFjuHo8Y,00:05:14
yoUxqeAN0So,00:22:20
RWxv2Sniqqo,00:05:39
8M2X7mGVdqU,00:57:41
fMkb2_ff2Rk,00:26:52
HwXc2VA6xuc,00:01:53
vX4mRT2HcnI,00:02:53
czKlCmD-hGs,00:29:36
s0ofV2h9ffM,00:00:10
vtw5Ev0wSiA,00:16:26
ZxWMVt6IGlw,00:00:55
NHexrFjeO6o,00:05:49
AdA3eYjIfLo,00:02:01
7yzvno4AvKw,00:58:24
2PhVsbdbHKU,00:01:51
USutNGw_cXo,00:02:37
kGCSX6A2cxY,00:05:46
JTHP_PH21k0,00:02:18
CvSjO3lyL_U,00:01:11
K5Qz0f6tPB8,00:01:30
EtAc-H-wDwA,00:05:03
bZJq11Mjrfk,00:03:38
JAn_bO64HUI,00:01:57
zTxnqaOl9HE,00:00:50
1UVvhCYSlHk,00:03:46
9TU0Yv5tGgs,00:00:30
HEdikBHsMag,00:06:39
WHwaXB1XWxs,00:01:38
lzBGZaS1apw,00:37:27
0XyV91VYrDs,00:05:15
QlI65u6MPL8,00:07:03
X-81V5jNrYM,00:14:02
vF8zKgLRW8o,00:00:32
jkgH7yY6ATY,00:00:50
kDguqVQydco,00:08:46
YgbMDAXv9-M,00:08:59
V-uLLyt5-8c,00:08:56
DKWml2MVPeo,00:59:05
0CaigsLZUdE,00:22:21
rTcnTOXf_jM,00:17:35
wLVo7_t629A,00:01:07
pQ7gLjrWCkI,00:02:06
6c1QYZAEP2M,00:02:47
-X5iE-hatiw,00:36:25
zA_19bHxEYg,00:08:01
32Gl5DHggh8,00:03:58
vsGDtnBCwgg,00:12:13
jlCb2mYQcqQ,00:10:01
m6n_rozU8dA,00:08:15
GRPtNCG3hj8,00:00:40
Z574nedsSgU,00:31:24
bzlDPBKn2Fs,00:10:27
H2iVDvN4zek,00:13:42
PM8KnomwkYs,01:00:43
1v_ALs6zuRw,00:08:45
cX_GhJ6BuWI,01:18:28
JTSWlNC1Ad8,00:07:00
BwodVksK2pE,00:01:01
dXQc4P7YE1E,00:00:08
sKHEv0S4mzc,00:00:50
TxgPZXe8XTo,00:10:14
_k6zg5mLDXk,00:07:02
W45wChrUQmE,00:00:25
_EcDreXNpO8,00:02:52
GijMzuN5mRY,00:00:51
07vJm6A45Fs,00:02:39
f-W3FFegUnY,00:10:39
eOZnrD8_LAw,00:20:41
skxxdW_A0O8,00:01:41
Dyw7SGiXy9Y,00:01:40
VMawPTAbEGo,00:16:19
zbiH56FPMBk,00:03:00
dKzl_82PbU4,00:04:02
8JL6hVCcyWA,00:05:16
rxulYzvlTGw,00:03:58
ilL8ViUDUKc,00:01:26
mJtvJP9QpYw,00:05:14
o0pCft99K74,00:22:46
7GfyRrPYKG0,00:04:40
J3nfaOQXLNQ,00:02:45
gO0M9Ag9vPQ,00:00:26
F8jZcqcpbKk,00:20:48
Xbj81TwsbLQ,00:01:08
qR6Ev8GOnnA,00:06:02
Xv55EYGIUn4,00:43:35
1P4yE0Nc_c0,00:00:22
OrsdvCndArY,00:04:26
afGv7A9gvmc,00:49:40
HEp3QnDyWSo,00:10:18
hPkEqOoQSu4,00:04:32
_6_IiAdSYEg,00:04:26
zW_lpWKpFGU,00:08:36
GExnnTaBELk,00:44:21
6oqw19cXFUQ,00:04:46
O5f5yS6yaHA,00:44:50
LW8Rfh6TzGg,00:14:16
UpjGttuxpKs,00:16:28
e7Pr1VgPK4w,00:10:38
8A5AwX6XExw,00:06:07
Pj8n1UjS_3I,00:00:13
nJRwe9pL6aE,00:01:24
wSvjHAEi2g8,00:00:25
IGSpP-Vk4sw,00:04:39
SrhHszXkMRU,00:06:49
IIwusNiNhiU,00:02:49
DbHvQDE5oj0,00:04:24
0w2l1Vzcf9U,00:15:57
20kgCmAt01U,00:03:09
gYKQZYSRxnk,00:31:12
uxgD0KOfXNk,00:05:10
rOyZtFo4qaU,00:11:45
eVQcWGyE9bg,00:03:16
HjvOkS9HKyI,00:04:03
T9XyO_dpFF0,00:01:12
aeRRV-GNY4w,00:06:48
0R0jAybcBPI,00:00:57
ejtuxdtTGxE,00:06:36
M-Rw21NGORo,00:11:27
aEADUHgB0vA,00:00:43
-InTtjmdsms,00:01:52
AiXU5EuLZgc,00:08:52
cKG7aLBCXbY,00:05:45
agkWYPUcLpg,00:57:17
glhxlourXyw,00:00:42
uxViZYNoqcA,00:02:25
Za92Tz_g0zQ,00:40:55
fcWZtvHYhyQ,00:10:53
AaT-_xOugrU,00:01:34
0NgCZKFEmGU,00:02:48
qHMn31749_s,00:12:47
v6OYmtFiAH8,00:05:38
vypkM3yZIWA,00:01:20
VQxNjCxi4_A,00:06:41
GXXE42bkqQk,00:25:07
UjTq6_JY1d0,00:04:23
BH1ZA9LMjOI,00:00:05
WSPmNL9834U,00:03:00
7qFAl-NPBbw,00:03:29
3yaPV-8rSx4,00:08:40
lIpk8dkX9FA,00:04:10
Mz643DE1bGY,00:00:11
i1z3Z0LlPSg,00:08:45
m5GJn6z9p6w,00:04:51
1F_OgqRuSdI,00:05:39
spSAH4vy-Sk,00:04:25
PVTDEOeSP88,00:03:18
pKvo0XWZtjo,00:19:24
g5XKjstf1ng,00:02:53
3ZWJBT2w_HY,00:15:48
5dh6Ok_zhsI,00:01:12
l3sCXKtUQ-0,00:02:51
80ifzK3b8QQ,00:27:10
Q9VeXU0C2JQ,00:04:02
sqgR26VHBa0,00:04:35
U0Hq3loJ5ck,00:02:11
_V6vbds5c74,00:02:35
7Y_uh2oVfao,00:55:32
5El5PvJiVvU,00:22:29
nU18p75u1oQ,00:05:46
wkzlBZnxmp0,00:04:51
EsYCsSNW0Tg,00:00:13
Atfs5sUyes4,00:15:08
_BpMYeUFXv8,01:43:09
BGV7i4RtI9o,00:00:24
ciLIR7N_fAo,00:05:31
RPhKGevohYI,00:01:25
adDY7k1Hsqg,00:02:53
LfdycLzwIlA,00:20:01
kTApFfEnClA,00:12:33
fDTrZzQIcXM,00:07:31
NzCeMxq0bPs,00:00:43
c-hZpChQKe0,01:30:35
4MNBBrkqC6Q,00:01:57
hr-3rKA2Oxs,00:10:16
QP_HbQ5cWSk,00:03:12
r1M4Hsxf2sA,00:07:31
Ny5QFQxN0As,00:07:05
6_2OaaTi-Lw,00:14:06
0XsbAHre35o,00:00:38
773jNNjMIyE,00:27:37
RMoRutM85co,00:24:27
tm9VZhjndKI,00:01:29
MUxvSEzuPQI,00:01:00
DxiJnKMtYf4,00:05:07
yGVwSBuDtf0,00:00:43
C_rGplwnLEc,00:17:03
enDike0TccU,00:02:19
RMjtmsr3CqA,00:09:37
HwtFcT-ueu8,00:07:29
LFlJnarQs9A,00:04:45
d2xeNpfzsYI,01:16:43
NoKw6HVcDDk,00:03:59
mb6bwnEaZ3U,00:04:51
e5-MVWPvXaE,00:07:28
zhu6jtlghIs,00:13:02
0sfzEgIfmX0,00:02:42
R9lQPTNnh-w,00:04:53
gB1z6EaWVH4,00:47:42
gpsz8sc6mNU,01:04:27
JXgsbOrA4Zo,00:01:07
Qz9ye4s3PWQ,00:36:34
PJYnkWkft8w,00:06:13
2RUQojVGpVQ,00:09:14
KK8-vPsORTc,00:00:38
Q3X7mmKfGQY,00:05:24
P9GLDezYVX4,01:18:07
y0Rt7kuvf14,00:58:22
huwYGMHeyuQ,00:00:15
YXC3z_bEQgc,00:01:13
QjFpKJ8Xx78,01:00:10
VXi0AOQ0PF0,00:26:48
tyXaQsNHQeU,00:00:13
ZCmoNRAgbZw,00:00:26
mHPySA51t18,00:10:05
4DBu7GHX5Ew,00:01:06
mf__skaJIdI,00:01:59
HA15YZlF_kM,00:33:38
_Zr0SCT_MJw,00:00:20
hAjM9Gk63M4,00:10:14
eDO-okP-kaU,00:06:22
Lyh2jiAceK4,00:00:27
Wap8yWG9Q2U,00:08:13
2rd8AplvJek,00:01:30
nySZfYSVspo,00:01:19
hEMdjR3aImw,00:09:32
2CzX_mfF6MU,00:02:45
qJqoMgFQtlg,00:01:54
6CYwG2YxFC8,00:05:07
MnHn4bZJvwU,00:34:11
ecy4GL4VT_U,01:00:29
l-OqtcVVgHk,00:01:25
Qei2bZ-KB2w,00:13:49
TC5Cv8q2Ylk,00:08:54
tgUHERkuUXE,00:01:25
ZWlUfuYEEgY,00:01:03
Aco4yDvse0I,00:05:01
f3tcWg8oNG4,00:04:14
MeisjzxTCyo,00:06:19
OY0oEYj9Ww8,00:06:53
iFK-D13LX2U,00:10:37
KBkkEKNlE6I,00:19:28
O93jrVAa-84,00:06:17
mC20o-3olYs,00:12:29
pqRlkAYLDZs,00:02:11
BCuMjQm3eJg,01:00:43
-cSVGwAwZZ4,00:14:24
bVDX_z3PsfM,00:12:04
V89gtNl4pZM,00:06:58
G94UM94h1As,00:02:28
o7XWCFFbb6A,00:07:54
LN6Rvb49b2k,00:01:45
T9YoSFIp0UE,00:03:37
P41RyXVI4Vk,00:11:16
CXG33nEjXZQ,00:05:54
OakkqtGdNW4,00:00:47
ojmaqdRe5Mk,00:00:43
RH-oL4ydSl8,00:00:48
H_Ersj-oc8k,00:00:33
XwLFH-ePMS8,00:00:09
FyDisu36lFA,00:00:25
kVYH-32pRbo,00:02:05
fkQ9WNV4glE,00:05:48
zP5UW5HyWnE,00:01:02
bJ13KhTffbQ,00:01:49
0cO3QIQ0Twk,00:02:20
kIhndufOAho,00:11:27
r8HYtyt66no,00:08:36
tN6FSSiFFJQ,00:06:00
L8Etc2P16xw,01:18:57
NIzcWF7p9As,00:00:56
7YWaSPVYCUU,00:06:08
FCSkHMwgywQ,00:13:34
WE_2i-Pe0Xk,00:00:42
3NhXy-0VQb4,00:00:35
MbOxqHI1Ho0,00:04:20
HErmAi7BdwU,00:07:56
TFncFfvMahk,00:00:39
4xuLqU01_A4,00:22:12
rQuc0_D4OVs,00:00:19
rkyDLqFA5Eg,00:00:27
bcQr7QKUo4M,00:04:20
kB-2qUBIdiI,00:00:38
9A5ivudtfsw,00:07:29
JLfV_u8HRcY,00:01:13
_nGguV8Yf0w,00:00:24
llhcATrmsBg,00:05:17
vDQHJUn2LyU,00:11:52
4nGw8vdUmlk,00:03:09
YbTAdTUo2Wo,00:00:50
ol_su88I3kw,00:04:51
Wke1LydmjJI,00:00:19
udoMi4mGYYw,00:15:40
t8qOxCVWNPE,00:04:56
JkBrtsljj-Y,00:14:06
dHFNpBfemDI,00:59:32
Ba-nSVr62DU,00:03:02
PUzMTr1x3zU,00:14:08
nL3mIImK8uE,01:21:18
dW1Pu9zsDi8,00:14:22
YmHAWMhjVhs,00:00:42
uxnqcnISz9o,00:50:54
4IOph5l2xAM,00:01:06
xK8LPP_23lA,00:00:32
1gNzhE-Tn40,00:05:16
2RXp-9C5qf0,00:06:08
y_xnyjs9gcc,00:09:22
m790cqOnN9o,00:01:23
589crkZ9DjQ,00:00:45
fgUiW7vkAnQ,00:03:38
AvTL6wQ9__8,00:26:41
8XWZqVemN6c,00:01:10
3_BH6HqpPtk,00:13:49
SKHubAFt9eo,00:00:12
vX1jDPW06Cw,00:00:06
Q0p8qJMsZJo,00:01:23
0W56QwpDtcc,00:06:04
f8RsWGs7Ls0,00:02:04
1ks-oMotUjc,00:18:43
TwE0l-ocHBM,00:04:02
xbs4iYeg608,00:00:26
4_-Kxo6QYI4,00:00:22
0tnzGru0-is,00:01:30
WJPmon1yY_k,00:01:16
9ZJ-3P5qCzw,00:01:19
XOo785Xjimk,00:39:36
IGZx5TUNwFw,00:09:36
_efzho2AiSQ,01:41:04
8BYJnLf4vTQ,00:04:20
li1cPSCNx0k,00:02:35
rDG6pUveq4o,00:03:46
NUf18Fvrbuo,00:03:25
DrVQ7T8vR9I,00:05:40
MoiJSjwjbxs,00:56:29
Yo_sxbQK5D0,00:03:27
gJoSp-QMVsM,00:03:14
PNglugooJUQ,00:36:38
Qs-LAYkp9YU,00:14:02
b6HoPM2LCQo,00:09:20
EHil_kAgVlo,00:00:13
4TIQYEv1OsE,00:04:14
RFl78-aKvJg,00:00:43
tyDmOXTR3Aw,00:03:36
FfbZfBk-3rI,00:10:56
187u_aMvPdI,00:01:40
SowaJlX1uKA,00:07:43
3AtwffJS7Lw,00:03:31
THeSPdK1Zh4,00:04:41
39jE9pXxs10,00:08:59
HeV7QuAkh2k,00:11:53
yZA1I_u8Ims,01:18:36
QGMBwvHED-c,00:47:01
YFLmGTQxHj4,00:00:25
Wlq-r4FTAUc,00:15:10
rogxsKQLwaU,00:02:30
IONqMWGn9-w,00:48:22
e9qK966qfqI,00:15:31
N3-Az0OH5WM,00:13:24
BW9y6q1-1Q0,00:06:21
rXesccuotZE,00:00:51
a-jiPHY_gi4,00:04:12
SHjZdAvei5U,00:05:41
u77YwdnleS0,00:07:56
OGeczihxCAI,00:07:46
QaG_C1zn0i4,00:00:38
S_B6Twq1FOE,00:01:23
jm8LbGaX5Ds,00:03:28
LPAB9rH9DCA,00:13:29
OXTK7cnphYY,00:12:43
XTU0Z-FkhtU,00:09:42
Q1ynvSA14x4,00:00:32
vSydxZlWoig,00:06:19
2xUJTXeBZmE,00:09:28
Too4CRqsbgA,00:04:45
NOm1zA_Cats,00:17:32
hI-XxfpzVBM,00:04:02
nXXyxnPzGNk,00:25:12
NqnyOHBZus4,00:05:50
oa_fWKQACAo,00:05:04
vmFFEok91GU,00:08:00
wjA8iq8ywdA,00:33:50
sw4V-Q-JdYo,00:00:09
ZpBtDTCgalw,00:14:18
5Flse3h-Fag,00:14:52
WHj_PlkB9gk,00:03:12
SRHp7CSJ75o,00:02:04
CJYT_dpzBEs,00:01:13
s3CCXLNVevo,00:06:04
haQ2cijhvhE,01:21:59
vpNnZDwC_vs,00:01:30
8JPjACE8J7g,01:00:37
uZZZsdCCoS0,00:03:42
E6mvJHmb3fA,00:03:34
tq8-KOcOX_s,00:12:12
wH03Xnr3Pug,00:09:03
pV0xDWUmC_E,00:00:33
_N0B5ua7oN8,00:07:40
5R62rcXpy3A,00:01:34
Rhfd-5jE32A,00:00:58
Fg6aYMgUFeo,00:01:51
E36BUcTWo50,01:15:59
BsJlP-X0WVg,00:09:14
9m9U744pSDA,00:17:51
FrOJxAgDP_w,00:00:23
9tn6S7DDDAo,00:06:22
U6IWf2TUF8k,00:05:29
Srwd5QzqqfE,00:00:38
vSpFgPZYJD8,00:02:38
k6iODHla6qY,00:03:07
PpbFyLTtpWI,00:04:09
bdKZQ2mUzlY,00:12:47
M9xbbqm7sEU,00:04:33
7bn3iYSN_pg,00:05:12
hxaTuz91-3s,00:04:58
VS2Fj6z41X8,00:01:29
IANeRgJc2KM,00:00:44
yFcQkbc4Jrk,00:00:23
WKAbPMDJqMk,00:00:56
vUVGsfn_ofU,00:01:05
SeO4gfZwrGI,00:03:42
-bBX2o3J2aQ,00:07:01
TV_j-PgotnU,00:05:44
JpXJ-F5QqOo,00:49:50
LrrqSbVP4bo,00:02:30
dGoT0yPgbfE,00:00:21
3WIJ4axzFlU,00:03:28
Aw6DwXK0ZGM,00:06:56
K5-V3OYThZM,00:02:01
c11bouNdqHU,00:08:45
PaSH5F2nXIk,00:07:54
avZfl3VoKw0,00:08:01
8h68P8H-i5M,00:10:21
Xc4d5e6yexY,00:06:14
pkdqXSONTBA,00:00:19
My3Slhiy444,00:00:13
gQR5lMU1KKw,00:19:46
vhYK3pDUijk,00:16:32
7arYbAhu0aw,00:07:32
pJY59443Gbw,00:07:32
LWSbSfGB4Jc,00:01:06
DkYjL68LSrI,00:05:32
toKu-Za3sHo,00:05:00
fAoNIG-_KPY,00:01:17
D4pxji1bAoI,00:01:49
V42FBiohc6c,00:09:42
ulfCxDsVTWo,00:17:29
TJHgp1ugKGM,00:59:56
Xm56Xh0uEQY,00:00:34
s2hHjpZaSyI,00:18:58
6MJvxKPOY28,00:01:11
CJN3D4BfKCk,00:02:50
pb4t4E8kyzM,00:02:39
IlbgdZxSi0g,00:11:02
JyGvDbCEMhM,00:00:26
MpzHsailqkw,00:18:28
X6iNYoe2LOM,00:10:49
fzFOLsFASjU,01:01:52
vowXaEDh1uk,00:00:39
mXGFCcLVH1k,00:04:42
fJ-aYLMIWg4,00:08:36
DAOFpgocfrg,00:04:41
BEQ3sRakIs0,00:46:53
6Akl4Qgoy_Q,01:20:04
mb8LwYAil4o,00:20:17
UfrR1nNfoeY,00:14:01
QSfeWtmWynI,00:05:49
W5jUEbHSPxg,00:00:37
-w59VnWZI_M,00:04:46
D7xQLZaT9AQ,00:04:02
BTy013Nu81I,00:00:17
T7SG7IAk2Xs,01:34:20
MFo04C_3GDw,00:04:36
AWliApDc61w,00:17:21
kYYm-Quj97o,00:09:52
A71tKzE_q9M,00:00:27
tvc5uJd7GTg,00:01:00
bSxNy3Oge0Y,00:01:05
CzYMhwd7v4c,00:17:11
3WGQ0NS-e6w,00:03:05
UHP-DKrxgBs,00:04:10
qzUEaZBo-PQ,00:06:31
fNcZDrfT498,00:03:10
XCH9nWGCv6k,00:13:59
Gh3Nf94KTTU,00:05:53
e7Y1S6W-rRM,00:53:56
tOZW7R-_dhs,00:07:43
eE2YzS3fw2s,00:01:08
Llgko_GpXbI,00:01:35
B3iC40frU4M,00:06:18
-Vy1lRJclKc,00:31:10
Brjle3R_iXA,00:04:51
a4mRwxWBJxA,00:03:24
shqvSkk8r0M,00:16:38
dqug_DDgGwg,00:05:01
YeI6V2O5BFE,00:11:32
8x8RehF0wJA,00:07:06
AI4ifO-6-mo,00:06:28
v3XXyv-AIEw,00:37:27
slxxLnmMc34,00:00:28
dX02VXuMw3Y,00:01:12
B26cCFxHxVA,00:00:17
i1wAoIDar48,00:05:04
bU1F9XMeRpw,00:01:15
Y26KFn7FO9o,00:06:06
pU-4NybcjnE,00:09:25
A5TNfr9RmVI,00:06:31
CsGwRO4sCyQ,00:00:16
o0EEy_AgLEM,01:04:15
c6oCGsMugTw,00:00:17
iP9WtOFBILs,00:07:02
jpo1uYH25Wo,00:01:35
pHKtPdLIsyk,00:02:51
t9fP2c6wnCE,00:06:43
wlTRroeVkj0,00:03:51
swzCaY-RsR0,00:00:20
e-o-v3CmFWY,00:00:21
R44USBUaTt8,00:01:11
C_8MJcnyZ_c,00:01:11
s8HW-gdPvLM,00:00:26
2h9MVbkpLZQ,00:01:09
nFY9gZyB0E8,00:19:05
gYmOzpU7DDI,00:03:03
EZY53PMmlZA,00:10:06
RgLMBXg5b9I,00:04:11
JBaW7UU5MJE,00:01:04
FN4NIxEPb6g,00:04:49
58N2N7zJGrQ,00:11:34
uZjjd7pDIIA,00:05:51
UH_tfjB-3Qo,00:00:36
C65iXcW4_Zs,00:03:38
YE5N8WiAp24,00:02:56
Vyhwpohkp4s,00:01:00
xhedttxfJ2I,00:00:59
-5ipNPUwMZQ,01:00:03
Cy5OV_FM3S8,00:06:00
c_k9q7_VAYM,00:00:13
6ZlMvH1SKc0,00:04:46
viEtXpOeJ3M,00:00:10
t0F3S-46bIQ,00:30:29
Xp78Li1WRjU,00:02:44
_Zdg2CC6Z2o,00:02:23
RTC20kQxycA,00:00:31
juQBXTNz4mo,00:10:20
JG1D5jf6UAM,00:03:15
14KJoDs6reg,00:02:26
2AO5E0YivhA,00:02:47
uCI5qUTj_2Q,00:02:20
4drAhgFroKc,00:07:30
hk5NYscSPHI,00:07:33
-HxdZhdZjwQ,00:07:42
1Kj96e1f7ss,00:40:58
IyGt5d1eI1Y,00:01:46
ZY6k6HnJwfw,00:09:02
6c62OgI_pTE,00:00:28
XT2PFpOyDzY,00:04:18
FLegmQ8_dHg,00:03:16
vb21uisUG1Q,00:05:16
Fuyq6WrM1EA,00:56:37
ROtgyI64kGw,00:09:55
B28CjIFCyt8,00:00:37
WtDU1Oov4so,00:18:36
UqI_T-FBvgM,00:12:08
dogXGHqucQM,00:00:10
xcnCZW-Yo8A,00:00:26
mADg7pA09qo,00:00:24
WxZ-pG_HSko,00:00:57
q7O2EAZ_s7M,00:04:19
rWmR9UIz5iA,00:04:51
wWntmwqfT4Y,00:04:02
hejopAGM1MY,00:02:07
G5z9KknF_s8,00:02:46
MoIZaWBwUus,00:42:57
5wUGk1XupU0,00:00:38
Uhy75wsS96s,00:06:03
0XHIUgMVyV4,00:09:18
rI8Wt8mPMKY,00:07:41
Zn8mEZXr6nE,00:20:08
INT_2e5Zq-M,00:38:35
a6e-xP765vg,00:00:50
s-y6UFfxQZo,00:09:34
YfpgjEJvNH8,00:01:17
QJ_7S1p0Kj8,00:18:49
KUyBftyslSo,00:00:06
CdZxKlC7Y-E,00:08:42
3aYYrzl3xzk,00:05:29
a1doqFAumCk,01:27:20
o2aAU6wQZSw,00:08:31
0Fyt5Lkg7Cg,00:07:00
pEmMrf1VLQY,00:15:00
FS-zrHUaryk,00:10:28
KMSYmY74AEs,00:12:49
y34H_P5jtfU,00:07:16
92HEIxb7Py8,00:00:27
pe2Az4-GzkE,00:02:48
sC2dgKgRftk,00:10:16
2NfsQMLRrSo,00:58:29
aWDBwLzWrVM,00:05:21
6-YtwJ-8TFc,00:01:32
RzHggfP1b68,00:03:15
3tDOD_lf4YA,00:13:49
1H2v5QVBQDQ,00:05:51
p7b-6EFIN28,00:44:49
6iN56l7dEMY,00:13:16
sHF0JYL2JEk,00:13:16
1v1Bk3Q02Sc,00:04:04
EdoNCjvhXJU,00:00:23
HZDsS3aXLI4,00:04:12
toIcUJ-9JN0,00:15:43
dcoMRL4Hcho,00:05:13
yDsR-akMOH4,00:00:18
pkUKYKowDmQ,00:01:10
zOg8_4Mk_QM,00:03:00
LZ9d4KhOPQw,00:03:45
XKK8elN1POM,00:05:50
Wh2iTi61xBk,00:21:13
CTi1ru-pfi0,00:19:23
B7VF_3tCPFQ,00:06:48
SF8HbxDbNr0,00:08:18
zKkUN-mJtPQ,00:10:28
ls4oKNZehI4,00:04:47
ZFl3Qm-DBrg,00:06:04
qb-hfSRpuVk,00:00:47
eVYsIolL2gE,00:08:23
IQoBAaxR3Ng,00:08:24
n10ERmH8bYk,00:07:32
hEx5DNLWGgA,01:29:05
kkVGdTCchNQ,00:00:21
5nhMALdF1YA,00:04:30
HCMU9BoeWwA,00:05:40
oXBvSYS0CLE,00:00:40
rTrRDpBzrto,00:02:13
rK4cJTVn7kA,00:01:35
13TrhiKLZg8,00:10:18
mFAaqmj399I,00:06:24
iBUoG6V8abQ,00:02:37
S7MNPX73FSQ,00:12:28
-WsDKCs1d3g,00:06:04
xnqbxt0jnIU,00:12:15
OmGM5Svyd-w,00:03:25
paFr6QzKEiQ,00:00:14
GPWlcTwNubI,00:04:02
QRRCuSLU6J4,00:01:42
TZss5ukwN8s,00:01:53
c_SucEr4iPw,00:12:09
zorFe1C9Lss,00:40:27
iZ5my3krEVM,00:17:20
xtYJgPR9iCg,00:08:27
SPE_HXHwJSU,00:12:04
8NLXILhwnLg,00:06:58
3_1reLdh5xw,00:12:59
iw_g6oJ-rGU,00:15:27
q8RlpOE2AfU,00:23:54
wki0BqlztCo,01:01:09
O3DcU50aMDU,00:06:35
oz3f-ms-AJs,00:14:06
hWQv6v_LuHU,00:00:27
Ju1LYO9pkaI,00:05:18
-9NGOOGYPlM,00:06:41
lGaqtGHo05U,00:00:15
DzchNE1pbrk,00:10:58
ye2tvFir65g,00:07:13
l2694hTvsME,00:14:11
et0IDK3w2Ss,00:02:26
2L5BIfpYHPw,00:07:50
iLiDezv_Frk,00:47:21
Iho2EdJgusQ,00:15:41
tpIctyqH29Q,00:02:45
clx7CjYJm-o,00:05:13
xdNWuotcQrQ,00:00:19
1miSZa0MUsg,00:01:08
mldCcIcdALc,00:01:52
Ct9aJIF3L0c,00:02:37
TL4ABTx_RtE,00:10:41
ltBdTiRgSaw,00:09:33
aLYMP7uii3M,00:10:23
eIsGXwisKPE,00:10:26
Rt2kUq5Hyr4,00:34:52
jbvcivN5szU,00:05:17
JhgWFYfdIho,01:00:41
uDC9L4T59bM,00:11:16
TAAabflPff4,00:11:50
kbX_GfsGhNk,00:00:16
N5MxJdi_j8A,00:30:34
fk-Pqnnnk3k,00:00:25
GUGLvvk9L-I,00:00:42
jcn70G4YhPw,00:08:13
P6NgPf04T4w,00:04:09
kOTwFwIYp9E,00:07:23
a7g3QeXXFZw,00:01:13
YWnBbNj_G-U,06:49:23
A0gsLQYXp_s,00:07:45
xgYmccJ61eA,00:08:22
UtDqCRBb8UQ,00:04:43
45oX0jjyGg0,00:05:25
nA2pSmBmvKg,00:12:59
iISeSj95-34,00:01:57
fU3MKPsle9w,00:02:21
7U7lUsBs0fM,00:01:48
kaDVuYLcWhY,00:06:31
jihux-jcI0A,00:05:54
S3bUBTrozhU,00:00:29
lv5IDF7dmBk,00:08:23
HztSZsbvhRg,00:23:15
5ceENW3f0jM,00:05:37
oZfclAKh-3Y,00:18:28
rK7m-XE3XI8,00:00:32
fZrULbBqalc,00:02:58
1Enqpi4trl8,00:19:18
Y7m9eNoB3NU,00:05:31
nRznolAPw1M,00:00:24
3ZLrIQvDCEs,00:03:03
DHuJ-n-L8Ko,00:03:56
xGDErNmqNLw,00:31:51
sUHZ0Tw1hiU,00:13:08
t-evBCCQFzM,00:06:37
yawhpIu22z0,00:14:28
Wrx6eA_fiHI,00:11:23
f1Xqs_JHLZs,00:02:23
fN4PMMkxezY,00:01:37
sdqRBk_Kg-U,00:01:31
WTiZM3LVVJg,00:07:18
ctmndgfCQNA,00:02:21
ZhcRvQ9pu0w,00:01:13
Oy2TttnjMEg,00:01:25
WQkIzG3DV7I,00:02:36
wA5vU_HQfVI,00:10:07
F57ec1hAFe4,00:00:37
PToWt3itrvA,00:02:25
g3fpUd39Gxc,00:54:44
S7u-F8CPOFI,00:03:16
7aBC742GGCI,00:04:55
MAOD1BZI8do,00:02:17
mmN3k6FDVts,00:00:56
2juoGMQzA64,00:01:18
9seb8hddeK4,00:29:40
R1G3P5SRXCw,01:04:03
Vksqx2r72tQ,00:03:35
1SBIpBclxkE,00:01:12
f4wxr2Ztq9Y,00:08:27
qLoD-kuNIss,00:07:47
iLY90p7Pit0,00:23:32
Oc13PXW_5-8,00:17:25
S6Hm4dxXnNk,00:06:00
3H0HAwkcC3k,00:15:13
K2nrsQwKmHQ,00:07:10
EVDE7VTV-8s,00:09:49
lQsL0CMLfKA,00:00:42
O9GhiK7VC3E,00:00:30
dcNk0urQsQM,00:07:31
wwNFo95S75A,00:15:30
U7QFcpVh248,00:04:19
g5c5PKi1P2Y,00:17:04
z0FDBGbf42Q,00:10:31
c0xEuwRsQZs,00:03:20
eYeiUR8NDd0,00:35:20
7ab1FGcJBW0,00:13:48
QWgDyOCJ6P0,01:10:33
0dSDJJzWqQI,00:05:05
oNkqkUMecAE,00:00:14
7eIq-mwNPkM,00:03:45
v5BC-Dkui-E,00:00:20
vu6FqFgHWlw,01:16:13
6DpVnwDhF0o,00:13:55
bYB7Dcbr1tc,00:05:03
ACeNgqBKL7E,01:01:39
fCaFeN4Miwk,00:00:48
xtXaHI2oaCU,00:00:45
_TGOfupxZvU,00:00:21
KstJV8NNVAY,00:02:11
JG_35kLYTSY,00:11:24
1gqmWkmCDsM,00:07:02
WjHhQYEBE_s,00:31:59
nxCUg8hJBTk,00:16:40
kRL6hjWOKWI,00:08:28
n5btbpxovzQ,00:00:46
0zTHvtMSfs0,00:04:11
ftchx1TDNJo,00:03:47
-ORw6k_4UCs,00:03:36
f84WCQHTTPA,00:28:55
t4t26x8IAyA,00:11:57
yOwkwrM10hk,00:03:51
kFu7saGVZM4,00:09:46
mOZqSpYzpfk,00:15:34
ftMq5ps503w,00:09:58
EiBCF7rYRtI,00:14:08
MkS-9RUjAz4,00:01:22
Pcxa84NYlYU,00:00:42
JaoGjiQKx28,00:00:24
JDwxQ8vF80o,00:01:45
vjq-13YADeI,00:04:53
OhAqfaaZpes,00:02:59
8FOjVbBZT5E,00:00:37
2ko_rBZXTjE,00:06:20
LTIjUJEehDA,01:21:31
IJp4KU7SiuQ,00:05:44
LIDZMdS0CnU,00:01:40
DZ8o8Cgc7JU,00:04:02
r5EqnO-NdAw,00:35:33
Rtw3YOYDt3A,00:03:34
wrEujh9fQJ4,00:00:15
E8Yh4dw6Diw,00:15:14
egvEPsVMfK0,00:32:29
7D_D87hebO0,00:13:11
EBnp3SRa6ZU,00:01:22
fP3yW-hqFng,00:06:13
qIjwy7MWeA8,00:09:35
cg1wOINjV9U,01:08:11
ImHW6I0BoEs,00:03:50
4z-nSTxUAIA,00:04:49
AAREmlb4sTs,00:12:55
3AuwEED2Z7I,00:07:30
FgvrnYScdH8,00:12:35
UuqVvXzrqYg,00:01:12
OOyx24Di1Kc,00:03:30
GKWj7ii7PlU,00:02:38
H_DIbljMpZs,00:21:33
sRPAh-JAhvk,00:03:40
F75zgvDKWI8,00:12:36
o1EvPhz6UNE,00:20:38
ta2orNj4p-s,00:01:04
_4H-F_5yDvo,00:07:07
mQW3mtk-zZo,00:08:10
oYhyG1M-W-o,00:03:58
H1spd9L0wRc,00:02:46
uC7vOYhd7wg,00:03:25
Kqvs1srxco0,00:04:28
UTUYUV02BmE,00:01:38
CkkucUMc-mQ,00:01:14
em13Hp1ffXo,00:00:38
zeO3G7B0U40,00:30:49
P3mVhTQl8F8,00:01:35
w1WVekL1GsU,00:02:33
sAj_Jrqrg5g,00:03:36
qoSXG894JvI,00:03:30
pv7P9R9JI-E,00:04:40
9u8_OyDH7Fw,00:00:48
hpUiph0MT1M,00:08:38
4MuJzK3gBII,00:21:55
39rjGJQMKlI,00:00:37
glDaeLS3MRc,00:21:48
5Lz6d7x1GCQ,00:06:33
iSjSg_u8NcE,00:11:34
kmza9U_niq4,00:04:38
qr5utfOV8Fs,00:08:37
WgGmL97cm50,00:01:31
P1LPMU3jFVU,00:01:03
-WV9vWjhI3g,00:10:43
56pR_5rO-m4,00:03:03
FpycxewStsE,00:02:20
ew6m9BOntBs,00:05:48
EvThIiE31TA,00:11:07
TUoM2UnYqdk,00:00:52
9PKoc4reszo,00:00:38
abrbgtSNP6M,00:02:33
J4vlSZjx8A0,00:00:54
lOB7X7S03Jk,00:00:08
afkaENw7DFI,00:00:42
GVocONem9lw,00:10:38
aCwMP2j8Iyg,00:40:57
PFwPAI4wDKE,00:00:36
yLzIOqqxHaI,00:00:37
edXsmGHIN8A,00:09:20
0n4p8l7RFIc,00:01:03
3IO9k7cU3hU,00:06:33
SdYuZaGJgYU,00:01:12
4WpuX3S2Pks,00:02:51
pLpUq3wAePU,00:00:06
uVavsfJOsKc,01:05:55
-otrLwV3CP0,00:00:54
onabH7y4EFs,00:01:22
gDpKqVQ-Juw,00:02:32
xflY5uS-nnw,00:08:31
gvQziNULkdY,00:18:33
wV1WzU2D6c8,00:01:36
HJgxqZzz5dc,00:03:04
5SWKbS87p98,00:39:00
DUtX-_Wc_jU,00:00:31
xYU161rVMJs,00:00:11
BLhfqgAc4BU,00:04:17
Ifgk1FjSVKI,00:01:36
SUHzkueKqUg,00:04:39
-O6GsrmOUgY,00:08:36
J1Z-e2ePqMw,00:00:21
6xBJ08YW_Ww,00:01:36
lJzbCA6qrBw,00:03:40
-Bnrq4_g6_4,00:09:50
Djt-KjciW20,00:01:25
z8uymLot2pg,00:04:17
AsZjK65R0gY,00:07:05
7APovvvftQs,00:15:48
hGvysbaRYSM,00:01:38
x7JuZ7LaAlo,00:26:45
u2GD4-7tHqc,00:05:54
wU1h-Ee5T5A,00:01:42
Q_y_GdxpKm0,00:06:15
hvIptUuUCdU,01:17:45
mB7uQiq1ukQ,00:07:41
SnDAklw3bAE,00:01:34
XBg5iXGjhVY,00:10:03
yOyaJXpAYZQ,00:10:01
0l9uqIk56hM,00:01:47
uii2AfiMA0o,00:58:56
lands4pTkyc,00:07:14
soID6Hg4uSw,00:18:50
BEb5FRh_0qE,00:00:24
0iWb_qi2-uI,01:29:48
k9XoC7N3apw,00:00:45
LmjAQGvSrF0,00:01:47
ZNnzc5Eqj0w,00:00:22
VTDvjc0W2WU,00:04:23
_1E3ldcVAPc,00:03:55
2OGyDIZVXQM,00:09:36
11g0VYsZJ0g,00:03:44
br2PZmiY9o8,01:01:23
sDa4LtEAN7c,00:06:47
X3GJq8dYOgk,00:04:59
YJRRpXYldVQ,00:08:43
egRsLDcOoVQ,00:03:10
7b9E8177ZEY,00:24:51
oRw3ekfoimA,00:01:26
DabCII9bd14,00:07:49
Rj9niLlyzp8,00:07:33
lzuc5spDaZA,00:00:38
kJKgCwUzkmc,00:08:51
kkKiAGiO-lI,00:03:01
ZMN2T0L5GEk,00:02:04
hMRv_PCA4Ys,00:03:48
7Vtl2WggqOg,00:57:12
zKuFu19LgZA,00:59:52
4ErE83zToLg,00:09:11
3cmzqZzwNDM,00:16:46
Lt0OThPkg_E,00:06:01
SxAL7NzP-Po,00:06:41
fg_YuCH8aWM,00:04:11
4eZeaZ1K-bY,00:16:17
FlaoQjaKhto,00:03:01
hQEtdP_M4hc,00:02:26
ZuFFYmxFCwM,00:56:25
rRGCGZ6OHw8,00:59:08
eY8gFf8OGUE,00:02:56
T5pRlIbr6gg,00:06:55
-LbY4263oaI,00:48:24
CO1RekmsBac,00:08:20
_WS_2bR07KQ,00:03:50
CCq5qvmuStY,00:11:36
EO4ToIX-ZQk,00:07:14
XWE3hA4PAoI,00:14:33
Yas3vhoKscw,00:03:38
SpjiAjmmZk8,00:03:07
lj20JX1qLqQ,00:00:12
95Wsk2a6z0Y,00:04:44
9fv78XOQHuc,00:00:41
dKMSnakREuU,00:01:25
1ohii0G1iY4,00:01:08
1EKLfeD8L78,00:08:32
iPlW5tSUOUM,00:26:56
Hm5zpFHbQU4,00:00:44
uBCkHqcIDlE,00:04:30
5XxmP84K4SY,00:04:15
NDYYhkd8v7w,00:20:48
hdefW4PV8d8,00:01:19
kpKZPBUepxo,00:09:56
8nCDvuNOWNU,00:09:59
YHFzr-akOas,00:07:57
JYxOTS9Pvcs,00:01:15
y25GGusePcU,00:02:42
oj6YWN4W-jk,00:04:56
difxHnk7v_Y,00:06:54
IKHbNZxzySQ,00:03:05
kw3UD_YCoEk,00:16:10
L5ytESH-ws8,00:00:12
soYwaW54WRg,00:17:11
vZ8-bjQGnaw,00:02:53
FNQxxpM1yOs,00:13:37
h8Uq9CDfmKQ,00:01:47
tIWm3I_Zu7I,00:02:27
sA2OAJjAMQM,00:01:25
xG341gfnQZI,00:03:23
JKZYIxV0yjk,00:00:16
Z_oygQgSoIY,00:11:44
qbUDYobvqvI,00:15:31
6SdgI9LnJbQ,00:02:35
kCJXD7hwb1c,00:59:29
jKfZiotyRhk,00:03:17
jMFxB5rG3MU,00:05:29
LOrNVMaZFYU,00:06:44
G5--liO41ck,00:14:58
V-0E7Ces7ms,00:27:53
Zph5usgWkN0,00:03:51
oR8RindfFiU,00:00:23
W-jxqw03128,00:00:22
W6VgCaRozq8,00:02:47
5rOEMttR9w8,00:00:33
o87xjVVWDYw,00:00:27
xHZiSzIMs8o,00:38:22
MzUjNtagISI,00:13:53
BfFBDDQtSlk,00:13:39
hsERPf9k54U,00:15:46
tNo3dQ9g47s,00:05:24
rQ7WFYt62g4,00:04:52
nO0yPL-FpgM,00:01:30
iiXCvTJw4UQ,00:01:21
_XexVkeYaXQ,00:08:25
tQxBIE5iKCM,00:18:15
n2CWiiBdHcg,00:00:34
EZ3jBam2IEA,00:13:27
W8oP2TJGiQU,00:21:43
DTOymPZmYkg,00:03:32
OpxFC-n8pfY,00:02:24
kVOZ391AQi0,00:02:38
4iD6hYmzPBY,00:05:25
w4jq4frE5v4,01:15:52
H7V7QesR3JM,00:01:11
JHeRzpgSTB4,00:00:22
bhOUlYq8jCA,00:18:20
47bS8g0IeWQ,00:00:34
bL_Bl_Xl7wQ,00:03:53
EW--SNWZXPE,00:00:28
miODwx7gv6o,00:06:10
385gq_3Y5gE,00:03:01
tnaNsMgSmP0,00:10:30
Sm-_kLPitBI,00:06:26
HG3wL8iYUgE,00:00:24
l64ySYHmMmY,00:20:13
NBogC7V9-60,00:08:19
E-t5txas63M,00:18:35
0WvrSfcdq1I,00:10:01
fIRFqM8EPqc,00:00:47
hfMBIuYhhH8,00:01:41
9PxEmXrXI00,00:54:42
7QLJCvYUqPc,00:00:42
JDCEM1P3s5c,00:07:06
AG2SaIPv7G8,00:00:43
vO2AlrBf5rQ,00:14:53
BIdnn8Q7ei0,00:07:20
EkzZZYVnMwo,00:00:51
b3CTCdVszzE,00:00:37
o5wJkJJpKtM,00:12:24
K5P5rjDiZzk,00:07:48
aANgY6FxnIM,00:14:20
w1auy3eQhjk,00:03:55
LL8wkskDlbs,00:08:40
6uY3ZpCn0Aw,00:01:09
KPhHCDZ-VX0,00:02:56
jZ7Sds6ttZs,00:08:17
I1P5GuVHFQA,00:03:26
90p4RylQ8Aw,00:02:44
TZNwte5MZaY,00:08:52
dkizcg99Z-0,00:03:48
jW42ql0sZ5g,00:03:08
cIvSMP74Dq4,00:04:33
K8oWeFPPZFw,00:01:06
3Y4QP5zBF7M,00:15:34
97J8OWwLbmo,00:03:20
2DgcKaZM0mY,00:22:50
ol_c3yFWYqg,00:00:31
DgMJo4hHUNw,00:04:47
wxcdxQk_gpo,00:22:54
iYCXoIHxOyI,00:02:03
0S_yYuK_F_Y,00:05:05
yUtY63Fk3hM,00:16:16
gYBP0MqkH0E,00:03:59
-__3nIqIt4o,00:11:55
nCImdLl2Z8A,00:00:27
dXS7EpVs2DA,00:00:45
Y2OPnrgb0pY,00:05:55
_0S_gxtokTU,00:04:24
L0TfYL9l868,00:06:23
lezrcssZrNY,01:03:17
uutg8jKrL9w,00:51:58
NQHQGeIqX6Q,00:01:25
uUDQlLbUNI4,00:03:03
R1Ruu9oDcXo,00:04:02
U-l6rcQ_pZA,00:00:39
1bImNVgsD-A,00:00:23
Wf00l61hl20,00:00:50
_cqJlQzXnHQ,00:09:39
Rn31IEOKgQ8,00:06:35
1qc5gZE_XUg,00:06:52
c_5x93x6e64,00:00:24
BH4LhqE5pAk,00:01:42
M13otPgOePs,00:11:17
ETy3x4XeK9E,00:10:33
k1ur8rX-DQQ,00:07:48
KYe94nKdY88,00:01:44
AARZiJgEYFo,00:04:48
hfyB1hmovwE,00:06:09
XFTAIj2N2Lc,00:12:23
kYZ9YlC6BwU,00:23:21
kSMANvo7Asw,00:05:13
LCdrThJcRQY,00:10:41
urshrBatNo4,01:33:09
s7wmiS2mSXY,00:03:25
buySA-Ya96U,00:23:46
y5p31F_dVJU,00:07:44
lfqiH422WUc,00:08:02
sxTFSDAZM8s,00:15:19
_6SCP8LdB84,00:00:07
z7vwuGn8tr8,00:01:43
4CYkGAbmtd4,00:01:27
4jNfsuoiXYk,00:01:19
YP2Yrb7MC_w,00:00:31
N5bs0BlsIJg,00:00:20
JLbo9Lvvy5M,00:03:09
nhk8pF_SlTk,00:07:09
KrwrNbnJZQ8,00:01:28
QaTIt1C5R-M,00:17:07
TdVn7RPGARM,00:05:59
_vknMR9R_XQ,00:01:43
ZNHAFTOJo6U,00:01:56
fZa5Mub5mOI,00:00:26
ZjKbHHBDvAU,00:05:09
wav4l0nEy8g,00:04:25
scdHzp4Mi1A,00:04:11
VXgTKrSS1-c,00:04:47
_1X9D8Z5huA,00:05:17
sfspd_QdbMg,00:04:56
nFYCP0246j4,00:00:46
zMdD-s5_BIY,00:31:17
IO0EmgOagMY,00:13:07
BbEUcx3wkuM,00:00:03
1H7nvm9rGoM,00:00:22
sen-FlxJu_M,00:05:37
x8APkeKR6r0,00:06:42
yp2-_YbCuyM,00:04:33
Kx539onjEuY,00:05:41
OXnAcrA3fCI,00:00:26
f7_fFZJlErk,00:39:58
BAFRAE-ylKM,00:06:54
bI9fsWNWDds,00:14:02
0jrkDz3LqWc,00:06:25
ozBhVQNSJ9E,00:07:09
6r1Ubu-QMd8,00:01:31
FSu19nz7NlE,00:08:42
fLvZkZxiXnE,00:10:26
d2nxqGAS9xo,00:24:09
AsY4GES53iQ,00:00:46
kCSc0qAbCo8,00:24:51
vJtVPHfMBoA,00:00:37
AqHPyk54vhQ,00:01:53
iJ3ofdRK5cc,00:00:45
xyCb7J_y4vc,00:00:57
vM80UEd6R5Q,00:03:39
UF3mHbYr9BU,00:04:42
0XL1NBUv2NU,03:18:06
mtpEh2xnWQA,00:06:58
pBmEw9SsyaA,00:07:03
ahAU6mHHuTs,00:07:05
YFJHI6A65mM,00:04:22
Q4i8cMlb6PA,00:01:00
seZqq1qxW30,00:04:49
A48yR-G1vco,00:05:05
Zw6PimTTeYk,00:34:39
Q2_PD6MGOoM,00:03:22
rwOv_tw2eA4,01:01:12
P0NhM-ReuJ8,00:00:39
uqyrsr9FBTA,00:05:48
85UpV0apUvQ,00:00:22
YkiYOP3d64E,00:49:14
elJDucgN0Zk,00:05:57
fmITP2K5mgg,00:00:25
lzxWNtjii8U,00:14:28
rRa0v1VamG8,00:00:24
sAsGUf4u2_c,00:05:22
RuPfDfLKY04,00:08:56
mWl45NkFBOc,00:04:03
BqSiOgqnnjg,00:00:39
TWXlLlJ92dI,00:07:04
98lh5Q0M0cg,00:10:00
vkEE-jzp52s,00:00:28
oYRX7q9yrfs,00:03:46
at6QYXU5E4s,00:00:33
JZn4hlMvP60,00:04:32
JfmTagWcqoE,01:39:25
uvjZNTqi_aU,00:09:16
UZGB3WtTjeY,00:04:26
Vkchi5BT7cU,00:04:05
F3yROOhK8qk,00:09:21
65-UWqSFy_o,00:05:34
OJtIOGTqteI,00:01:01
hX97HMRW5Gg,00:06:08
LYy94VdUsdM,00:03:47
urOWsGQbq9g,00:01:14
4S7leM7G2C4,00:06:42
Ludq62sCaOo,00:00:19
OcAJn7zUA5k,00:04:35
k5hRl91mFbs,00:06:07
-uT6FM9mGWE,00:05:36
HhSDbiN61bo,00:00:27
tKy85WODAUk,00:06:53
kc9eavLa_cI,00:02:15
yvaY-dtyMjE,00:00:57
DUMb0n6UhSA,00:07:13
0rr66pZlQX4,00:08:00
oNzLPZgpiNg,00:00:48
kiTDR0YoIqA,00:03:45
kHCpCf1fNgg,00:01:09
iln85-3B5kY,00:04:06
qYai77mdHc4,00:01:57
0wp7z_MTSv0,00:00:04
FZKVm1QDf88,00:00:14
IcojhpNUGGM,00:01:03
PW2rmJA5uwM,00:05:50
edmpTrNFsF4,01:08:52
l_5PF3GQLKc,00:03:40
a9aLe32nTRY,00:01:03
BhlvQfIaE4k,00:06:03
z_dkB7vtDL0,00:02:04
vEiU7euAovE,00:05:20
Sp0vfWll7H8,00:06:22
FnYvNInLGe8,00:01:45
z69b_FcJFUU,00:03:43
RB8fGr9Ax94,00:00:18
Evca4dXt5h8,00:02:12
W52Yi86GfuU,00:05:16
2Oy-5_9OxWI,00:04:41
AGFIMwE-X3E,00:09:26
TXWCqRTOhW0,00:00:50
sFFjDOPp1mE,00:03:43
FHhcSncuHEI,00:09:46
IVquJh3DXUA,00:18:46
78YkQ4KBkjA,00:17:52
dSi9mLaa-WE,00:08:47
8KcUR2iJJ3c,00:27:37
UEk0CKoeUnA,00:05:10
4JOyWRW5Tpc,00:35:09
_oyuKw3vBf8,00:06:20
qe2lsKKYc_Y,00:02:31
cRAYJRsJOlM,00:01:33
lrziylOWBT4,00:56:31
ChZu404mbRo,00:07:26
FvFZalu4Xq0,01:30:59
Rq6pPuHhza0,00:09:02
o7UtOI0ROfs,00:36:54
U87UmD-5h4o,00:07:50
DbkQhIfAU44,00:02:16
SFRfp7WRRbI,00:12:26
f66nBNv6j30,00:00:14
yos6EAzqbdU,00:13:16
jwRi2Tk6HOs,00:00:23
HTy3D98C188,00:07:55
ZBK7aZ8v6vE,00:09:07
9J3bdYMYtuE,00:01:08
VtuA30f_ZuA,00:08:05
3FPjmO3-6IY,00:10:53
aS9OgYadjpY,00:45:00
0MLxTkerhxI,00:00:23
ANZBhfVcDXM,00:00:38
0LQZ1L9ir7s,00:04:40
wq6YssbMBfU,00:01:02
NkQEk_j-8MM,00:00:57
4ARlsbe2Afs,00:00:26
Yl-QTrkmA2M,00:01:01
1pXyFIw4RrQ,00:00:49
fQ_CBGVfGbM,00:06:22
c_sEj5h7lR4,00:01:26
FsxKvpK8xuQ,00:05:57
icJLYLnyH80,00:12:51
WICq_Pj8ZUk,00:03:45
eGEElBxsNfc,00:01:29
7HLU1IpwgwQ,00:05:25
cxG-qWthxt4,00:12:13
HJ0qMGMDzKQ,00:25:38
dcZvhP-IqY4,00:18:35
FAmcK9miX1g,00:00:18
Ehdl6j3Ace4,00:28:21
qfkTVYJIx8Q,00:01:38
_RjycAmJqb4,00:00:52
78jdpP3jw4A,00:20:31
BpdIhBB9IZE,00:29:53
wcuqwXUF-gY,00:09:33
pUhvUqMHCvg,00:05:00
bP-Trkf8hNA,00:08:39
nOuHPbqGs_Y,00:03:02
xtaUkrsJ3Z8,00:06:02
NYRhkGrt4Q4,00:04:51
inruYTVZdoM,00:07:19
LeM8QiLDiJM,00:05:27
_uJxKK77B6g,00:02:23
oljWqi6BurI,00:01:45
5OoyqI2oOMs,00:03:08
d9pmc7oObkw,00:08:16
U6mgsPqV32A,00:11:09
vTCQ5uKsDM4,00:00:35
a2Nbp1Z_kN0,00:02:58
o3CMiF4ef-E,00:01:28
3ZxZPeXPaM4,00:14:27
u0uNNEy3zFc,00:01:26
qaSHb7NgCk4,00:07:34
-wNDvGH8q6I,00:00:30
Kz8NtYxSnLA,00:00:29
eUCb1144TTo,00:04:13
YHZeqCEMn4E,00:13:14
aF6fNkePeQ8,00:00:43
-K6_wbBnXmc,00:01:17
eV7tVdNIw9o,00:11:35
ulE0Gpyaemw,00:04:34
SmVfpn9-HkQ,00:05:38
tXVDY1HvrVU,01:08:28
R08YRplsYGw,05:59:37
JgxdLuE0hyg,00:00:23
IAMzWp3kS_k,00:06:21
WrzkqWHoV8I,00:00:49
wL13KR64rso,00:04:38
elvKdYBQ2Co,00:18:25
hAluLUqaB0s,00:13:20
agC06TR_MJU,00:13:57
JjwEhK4QxRo,00:06:50
WvAHT3V_dlw,00:02:42
DnUBSBKU7Mg,00:00:31
b7FVqBD6KwI,00:03:43
OVWZFdb_AGc,00:04:49
Qt1qMXdiNEg,00:13:41
nXaxk27zwlk,01:29:53
6aETovoRqEA,00:02:36
1lH3Kabhc1Y,00:02:21
-H9JzCWhmlw,00:00:13
7IuAHvwxG90,00:04:50
oZwuH7iay1k,00:00:49
_yuB5n948y4,00:00:19
IBu5ka1MQ7w,00:09:14
WfqquNRtD-c,00:00:28
RHpnZu6Ws-c,00:08:42
X_p9X5RzBJE,01:39:08
K3RpSavVKeM,00:50:50
H5Ut083pSVs,00:04:43
-6Y-havaTxE,00:02:58
BNyPIwnVx6E,00:00:18
NgLH_wPGEn4,00:41:16
deOZGzIOlPI,00:10:44
RELLrEJ9chg,00:12:21
mKMSPmzjlfA,00:03:16
y3rGnLTF79M,00:01:01
qDbpYUbf3e0,00:10:41
lcIjVk8ZI9g,00:01:20
LjJSbHxIvnM,00:08:26
r1Uyio7aTG0,00:02:18
s2YjiamCeLE,00:03:46
Tw1k46ywN6E,01:20:07
zOzUZA-D-JI,00:00:49
lsQ56uYf_Rs,00:01:20
7mlRb9D6izg,00:01:13
xHboEH7GKjM,00:16:26
Mc5h70afoIU,00:17:48
xtf4j5JmxLo,00:09:19
1-IlqWsFz7A,00:00:35
ZuRwTb7ZdWk,00:11:56
uCRkBXQhud0,00:07:53
n8Cr44BXalU,00:00:43
IJVhEtZWSls,00:17:54
iG4RWjfspd0,00:00:19
EEWQNB11_vk,00:00:30
XS16alJYY7w,00:10:21
qvkUKl6rWU4,00:13:16
7IphL_l0KLQ,00:07:47
DRsQBmbjOIg,00:00:03
xLH8FWq5PAs,00:04:48
aOmfWxbm4mQ,00:10:06
m-OH8DA5krs,00:05:48
hlytITsNCE8,00:00:32
NeS_5m7nWJ4,00:00:51
597VXfz2_ME,00:02:11
s6R0VEdoVt4,00:03:02
w8h0Z6L-wHw,00:09:58
tANmR6BJSDg,00:13:12
ZrjCG0Fu5Ew,00:19:20
9aIS5CA3bmk,00:00:36
Man81KkQyNg,00:04:37
POrU7vcKB_k,00:04:12
8P9geWwi9e0,00:05:48
4zWbQRE3tWk,00:27:33
YliqZh6s9ig,00:06:31
BJLiUqvPy30,00:02:52
X1Ge86RQBRs,00:11:48
6_hxSsjc-3o,00:03:29
T5swP3dr190,01:11:03
PQn-jcPJIfc,00:05:30
6iyzPed7FrM,00:08:55
np98jwLRlvQ,00:07:05
4_9VXZ2Hg9E,00:27:28
c3CalfdYZYw,00:02:27
RsC_KC9ehFw,00:00:09
saTHG1qrz7o,00:04:40
q6fn-i16h20,00:04:54
ft5TzxG-LAc,00:01:41
QWhpsMHkbKg,00:04:09
yVXQBdvTekA,00:00:23
yPCBSVIvChM,01:32:31
uxXjlPDRGfY,00:07:14
GN5DBn83mvU,00:05:45
yVdU2coJ1VQ,00:05:23
UTifgJpBt9k,00:16:01
eODomuDSwV8,00:03:52
R15Qs0x5qh4,00:01:13
uLb4IIH9bGY,00:01:11
1tojZvPgFXQ,00:00:41
eCXIBlLlOgI,00:00:52
Z_Fe40ntu9M,00:05:19
3hEvcyCJNRc,00:08:11
QwygwfqOHsI,00:17:07
BmjmeDubTwo,00:03:49
TVnWBzW1FG0,00:00:29
amnaf5rfLNM,00:00:07
5eFvbZGdd0I,00:10:13
A4-la7iTiYY,00:04:43
TZ9BgdgpYm8,00:22:46
SSmWAK6CFf0,00:10:10
9TFV2JxX7L0,01:23:16
yV7G_MhtAxQ,00:00:36
d3kd5KbGB48,00:09:21
5P_lhh9CJog,00:05:25
CI--JccL8nU,00:01:06
EaNPAVURIKw,00:02:20
BatsxSgKtZ8,00:00:40
W6X6yn7epwM,00:09:34
1_H5u-Iyr3o,00:04:35
y0FbbR2V3FI,00:00:32
9eZB8u_nxBE,00:01:12
kamx7NnsCZI,00:13:43
WSKuxoAN35g,00:08:51
SS-9y0H3Si8,00:05:26
2gZxfwkxYsE,00:10:08
GKICyI5h68U,00:04:40
ob2-DGkbCtQ,00:01:21
VIICCHrdnNQ,00:00:16
-87KQS-rZCA,00:05:25
puUqAo_G6u8,00:12:58
UoaEp0DWom4,00:11:59
VT5oZndzj68,00:09:03
irGSorbs3hY,00:04:06
AV9Du38fJbI,00:00:06
O4TihHY3aPY,00:40:17
gAw5_XZqCsg,00:00:58
k4W1alZaZvA,00:01:18
l0LnxOgCmYk,00:03:39
SMlMnmrrXSA,00:47:53
p6NxZ5Qnzfo,00:52:52
Z1c9qxQTv6Q,00:23:27
q1HVp1xyVys,00:12:59
v3uawoVBgDk,00:00:43
rqaTSVHvW0M,00:00:36
mGFaimUsXx8,00:01:19
N1LI8o9xA6k,00:00:11
WWiv9Vu8VRg,00:00:10
DKsooVrvzNI,00:00:20
IxAEeyxn95Q,00:00:06
evbUVbzm0P0,00:10:30
3-qSONSuZq0,00:10:40
XM-WCewAYEw,00:07:09
ReWNqNAhlkY,00:21:56
HQQnWwgMC7E,00:08:37
S20o8sI36jY,00:02:19
OMLSNwQiiKg,00:05:41
h9dcN32pTss,00:00:28
hE77OSTE2J0,00:07:53
ijfPvX2qYOQ,00:04:12
CaBeAX1MbOc,00:11:25
0wpg3RXdOOQ,00:06:50
WCuPe464Ogc,00:00:11
-mdw3pmO3s0,00:00:15
7k2fuavEzXo,00:36:31
fLuxGJk0kb8,00:12:08
jxaD6lnRarc,00:03:07
PR2XTgunzRE,00:00:33
3wpBk5Y3gfk,00:07:44
EuSgwxNuKuw,00:00:46
XrC1r80-p-k,00:04:21
JON6lGF6uUE,00:00:25
YlKfRvbR_AM,00:00:50
M_2AAwHLmx8,00:04:36
AZbCTg8otRc,00:17:01
1OEu9C51K2A,01:40:46
V1g5RUC9JYw,00:00:09
z1xlikthQuc,00:00:31
iKUm8Q7tk1I,00:01:37
JCF8_IVRPJQ,00:03:59
0UVZ_8UX4Qo,00:01:05
ID1g1KIcxmQ,00:19:02
ubb9pgW90_o,00:50:05
whMeW0v1cDc,00:08:21
_JjnHqWHVSA,00:13:22
c5CMcH4rJD4,00:00:22
Ch088dtwG8c,00:00:56
mP3uBWBGrXg,00:02:11
xsal6VHpBOc,00:20:30
EqAA4Zg7zyw,00:04:14
bTQ3owJOMFM,00:01:52
ZdiWSqGWzVw,00:01:15
9-M6lv57394,00:16:13
KeO3fhLftfQ,00:52:06
z_DRMA2jpYU,00:21:08
GCA63syHvsk,00:07:33
heTklAyLLRQ,00:04:04
GKpeAyOnwME,00:11:17
6vNufhb9K4Y,00:00:41
cQeCnj3Gy6c,00:07:37
ZymDMUuVuyY,00:23:23
WglekNhiW60,00:03:04
13dFggo4t_I,00:07:47
FQuwArzGPYo,00:05:39
QYzJl0Zrc4M,01:16:49
5IDL070RtoQ,00:09:06
KQUGFFN4M90,00:17:51
C-SQyPjP6Tw,00:01:42
jy3y4M9yCyk,00:47:19
W9Zl_L8uVuU,00:52:42
eeC5ZdxPmwk,00:09:27
nZOjdc9PBhw,00:11:06
hRIVGx-fTKs,00:09:15
dSN0HeI3Tto,00:03:30
m6rVl8TfTmA,00:08:19
2GZttnHChHo,00:44:49
nkjUpUu3dFk,00:08:06
MT26vLibudQ,00:08:52
N798ejmKBcE,00:00:40
5vaYfd0fekI,00:55:33
xIfUc1znJIY,00:29:11
41q4e5LUlOk,00:00:19
PhEH7kaQyy0,00:06:18
fdV4GssG-l0,00:00:46
2d-aeD51iVo,00:17:57
RwRje_Vy2u4,00:13:34
4OlN9oianT4,00:11:31
KVF4kYvd7e8,00:10:39
t9I4Xmxa-3Q,00:03:49
NBA504tqvgk,00:01:18
33TUpTbn1O8,00:08:19
StHgmMPx7gs,00:05:31
6AhMyE3Q0wQ,00:10:34
nDtLXDvykRc,00:07:16
YSEFcWrd9bw,00:14:53
saPGX-1qC4M,00:32:26
xWTYXFfdirY,00:05:10
kMY9YdwI-lE,00:06:11
PKE_Y9_gHMo,00:04:05
-HHQf6gJs9o,00:18:15
SfV8aRX0YY0,00:11:33
qvxpTUc4nX0,00:12:38
HVe-0XktUzg,00:14:47
ayChPtGWcTA,00:08:37
jSiC7D8patU,00:03:13
cXBVMyKQ3ZY,00:40:56
45aK1smXISA,00:04:04
C7Ljihrr0zY,00:00:44
UVZKGEwmZ44,00:11:23
IZKIkg5aRDU,00:00:24
S8hifIrDh-g,00:08:19
0n7Es7d9yH8,00:06:42
Sd1VSMtX_n8,00:03:26
IOkgBrXCtfo,00:14:22
oVo0NVGUsU0,00:13:03
Mi1fMYqzjFA,00:04:22
iwkxdRseDBA,00:06:29
f_9rgyS-Cws,00:02:14
JEhqBVdQXSY,00:10:50
mkkcqQlIpeQ,00:22:37
qYi9_e-Vgyc,00:03:07
JNk_8V5GYIY,00:00:41
RBQzTwV1EeU,00:01:56
SFgSHpqJq1U,00:05:18
xGdNnKXFc1w,00:20:45
ie0OtBcmiek,00:06:07
8vEkYqNIuPw,00:00:48
4nXcqzTlj98,00:00:50
N4mEzFDjqtA,00:43:16
rEarTHsM5dY,00:08:33
nt9--10xcvw,00:05:28
h-wJvzak6k4,00:06:34
Sv0h9W1OJjI,00:10:35
Y2uXzp2HzKg,00:03:26
ouMl5HaZ_HA,00:26:41
aeSCjRaV9Og,00:01:01
E1AWRqEjR8U,00:00:41
UcApVqqovWs,00:05:31
2PNl7QwURPs,00:11:01
Lp-Du2fKoug,00:08:46
pKanxfK3sUw,00:08:40
WdyddBIfPvE,00:03:59
eGznqrmly_M,00:00:40
2VkDwu0zPrQ,00:00:45
6HNcdjzxNcs,00:04:38
Nsf-ugMi_Ts,00:00:29
_sbbdfwyJIA,00:00:19
36zducUX16w,00:06:42
bNEXtk1q1MM,00:09:56
bEcdM4DuPGE,00:07:43
SWZfFNyUsxc,00:09:49
8fQeDsGC_S4,00:03:39
JhttxPBWK-k,00:00:09
ETdOXbsC2p8,00:00:16
tjZ7tfHihs4,02:08:44
YB8KdNEFBXY,00:06:23
lzkrHslKNzU,00:00:21
CML2pFuRDVs,00:13:17
fCAaAIYpdA4,00:15:01
W1FHoRJiZ-o,00:04:15
kOM7IcGoFwY,00:04:47
JM-fQHknjh8,00:04:43
kpmslWjUtUs,00:06:47
Gsj44ObhL24,00:02:18
2PDr-yxicaU,00:07:46
vEm2Io77bT0,00:00:22
eNPC1N8de00,00:01:25
8OgXh5MRTpI,00:28:16
MOwNI2mtZ9Y,00:04:07
DYasVJfgyeU,00:06:04
1Kf8R4tN_m4,00:01:40
AJVHDhqUhSw,00:00:20
zYfdGxXx5y8,00:06:29
bItv8c3tsRs,00:01:43
Y4ZIA1A54ww,00:01:06
46Ov04FgTVQ,00:17:09
dM-LYxHnKcU,01:24:05
y5JmQItfFck,00:13:19
eTPDOrKvJzg,00:08:35
HvKrbXrg7SI,00:02:19
Ed1-nQqC_PI,00:05:05
DlzzX_MOXCk,00:19:07
mhP0ro5u7pk,00:05:52
zD64auuMVFc,01:03:04
4KvlWwuirRE,00:00:40
w3809Z-c7a8,00:00:12
K92X4yyyfNY,00:04:20
_2fTcwdemSo,00:05:33
HeosFpCVvCQ,00:03:15
1D_h-yFtQVo,00:13:25
QC_xm9xKfFk,00:04:26
hJSshtWdXRY,00:01:44
JlsjkAIc4HY,00:00:14
wJOAJPJ9HWI,00:00:16
bmI7pZAfnHY,00:01:33
Di4Uoo7Qyb8,00:26:26
yxJxZ-exOWg,00:00:37
o768iZKtzBA,00:03:45
LIb3L4vKZ7U,01:12:27
xu-EUmn1K0g,00:05:24
TRrL5j3MIvo,01:04:49
oTqpa2oBJVA,00:04:32
-Jsvg6u9CYI,03:29:21
0Thv72yhxxw,00:55:48
Cn47XgIhWEs,00:07:28
Fg2F2xTsDG4,00:29:32
-SgkLEuhfbg,00:03:48
pCXgWg5OfhY,00:14:15
Q5kyiFevMJQ,01:08:06
-3fVp0U4xi0,00:04:28
XDdOdwQCUWM,00:06:04
309Y-QlIvew,00:26:53
ralw-IZAaf0,00:36:11
SKAkda3Jf0Y,00:00:58
lDiXMHJuV1A,00:03:22
OrkwtIsF46E,00:16:23
E_xrzGlHbac,00:26:54
TSyTGd-nFI8,00:00:28
iR4n8ETgXwM,00:02:54
chnGnho3rjc,01:17:53
MKv0CXaj5N0,00:01:28
qtRUG5ztMoA,00:20:44
GPOYPVFQL70,00:00:52
hNejutAMiTE,00:21:11
dDNZ3JLyefM,00:10:35
xBWS0nMBR1g,00:08:57
bVkvkVo1Ha4,00:07:08
eZqLD_dUKik,00:00:28
6nUlkohXR_M,00:02:02
Y3N5-YaSByA,00:00:09
69kXHcEhtxo,00:04:59
f2Ia7QomiXk,00:01:15
1c9BQYQDnHs,00:14:50
kpv94Vw6R4c,00:01:46
vcF-lmfPDtU,00:02:59
Xv4I-Amo5Bw,00:16:29
mppCIHxjzi8,00:16:16
aIyu-63ruMU,00:37:13
ArVoZ1KrHDY,00:07:25
m5fIysmV1xE,00:56:58
N7B9iERFP_c,00:11:09
tLJXJLfLCCM,00:05:16
YX-Arx4TBmU,00:01:34
XHbWUcqS9xY,00:00:14
SVN2u86vfC0,00:22:07
0DgF3514nt8,00:13:47
MUks24uIhno,00:00:56
VXIFibjNLhU,00:06:54
RoWETe7Pvu4,00:01:20
D6nt2WJ3y5s,00:08:07
EqSI9_03qRM,00:05:44
MlY0b_JFSO0,00:01:15
0LvCJloK-5Q,00:16:44
VzM1GWUl8eI,00:05:10
rX2vL9FH_4o,00:06:05
FDWZydVxjX0,00:18:32
O7U4HWjYcqo,00:07:23
p63FEEkonV0,00:01:15
zW1hwU83cJo,00:10:30
hb2iv-UjfJs,00:04:37
QYx8J_5l5wY,00:03:45
R8dYLbJiTUE,00:04:08
D-lTwGJRx0o,01:32:29
vLhr_y4YOIY,00:18:26
YvhJiAUzL3Y,00:02:40
0MKjOOsQtxs,00:01:01
wAmq8eIkdI8,00:08:11
k8MIbEVXhE0,00:09:37
vOppzHpvTiQ,00:07:52
TZv5qHU2AMQ,00:07:46
HPIOAdM9Me0,00:08:02
5cMozRp5m6g,00:04:20
y4O5szBzIA0,00:04:20
sfWcGqxP0z4,00:12:44
O2OsveGGtRU,00:05:02
jThDqulaxyA,00:01:32
gin12no7X7A,00:03:50
EwuiANvxFsI,00:02:04
fXmhj7uyi6c,00:02:05
TfT-hLUD-Es,00:13:23
Wlj68dhQQtk,00:04:26
IQpss9YAc4g,00:27:16
qe5s9oTsY0s,00:05:00
AUj217l9Nes,00:06:46
IV181AKJzos,00:01:25
seHEPVltXTc,00:00:25
jWTjHmuuvJs,03:19:09
NzZARL951o0,01:19:46
EhGpHXchN0E,00:06:59
y3UH2gAhwPI,04:42:50
2NOsE-VPpkE,00:04:55
hHRaZy1LZPA,01:14:24
ucW0pZjV88c,00:09:43
VxB3qLtNH-Q,00:00:12
1R-UHayyKLI,00:01:20
bpTqpQS8bMM,00:22:18
rF1f7uAjqQI,00:00:55
W9gsIOgFFo0,00:04:49
yvpCxgV3AZo,00:06:16
yLGiY6Ehofo,00:03:45
_DIs2ROV8fM,00:02:32
GeQ38S33bmE,00:01:59
ZwxMlIS6TLM,00:06:53
qMgXGedDffw,00:04:04
KHIIt4DKPTo,00:05:33
j9arNRRoPe8,00:56:31
gxZJ5JNuWMY,00:13:26
vQCEnrZrvIM,00:08:08
7VEDSq-3IAo,00:02:23
-SEatd5dAXE,00:00:22
eL5o4PFuxTY,01:13:28
mYN3SZxtV-E,00:00:42
v2cqwQuqAzc,00:18:16
USrQgSKawFM,00:02:44
_Vs9aYb9okk,00:04:01
xtQmhKSg7LY,00:00:23
hwwXukJaTlM,00:00:47
9XO0bE7iyb8,00:01:00
ksPSuZy86qA,00:00:24
Qkp2tnJFz1s,00:45:16
jTLIwrMrsAo,00:04:40
H63dVFDuJDM,00:04:31
7M7hAR1wpVQ,00:04:56
EmJ_oBmQo3A,00:05:30
1tJq6DgY0BE,00:30:48
2Ah-S_6LyDc,00:00:29
SKiseHs7eUA,00:04:10
G1eGGvrprS0,00:05:31
qbyU8RVNLvc,00:04:12
Sg3Vzs0Zi3g,00:16:23
nCovkJQtUQY,00:13:42
z-kUhwANrIw,00:10:39
tXFqS31ZOFM,00:08:01
JbKz2gYCMsk,00:00:51
BicZYfZdrp4,00:03:44
FNmoG2UYXB8,00:00:38
h39ZZ0kB0cM,00:06:38
kl3PcktVB5I,00:08:51
UdeGTRvPjK4,00:09:37
-rIixnNJM4k,00:59:34
6xigpFQPSp0,00:04:31
v7nPeFgLqZs,00:18:15
yUw-aTOwAw8,01:02:30
pJzT1_OEHdU,00:07:57
rkLCtzjIasE,00:21:04
QQmNS3Hsj8o,00:01:15
4VrE47lm3eg,00:01:18
CuXloTxi-6A,00:51:01
6_pugJ0H50U,00:52:48
U-8-lu4mq8o,00:01:21
-5LCHcDmXe0,00:15:30
xyBbocLXbNY,00:09:37
MakV5alsDSI,00:05:02
czjcRolLAjM,00:00:19
DJNxk6sKQkY,00:02:06
OT6XvxN9AWk,00:03:34
6ah8-rP0Puo,00:00:25
lJDkY23hJz4,00:01:34
5p0Kcul-trs,00:49:13
ptb7NAjiqVI,00:00:14
5s0x8bc9DvQ,00:08:06
-rY2qd7G238,00:02:04
spIje1jx2hA,00:00:21
PdrIueX44Jo,00:04:33
UDmGDJY-nPc,00:00:42
5Pz21TiqEUo,00:00:26
E4za7uqeiz0,00:01:39
uM8K0Z5usu8,00:13:50
xc_9pUSx3hg,00:11:42
UbgpOLSqwcI,00:03:15
X6HiYbY3Uak,00:22:40
5oKnIGSd-Vg,00:00:46
b0JqonQKlXI,00:00:25
zlaRnrjcjmw,01:22:56
3TblnXgENy0,00:01:00
UdMVW1ftN6s,00:07:05
Zf24JX5OiOo,00:00:11
nOXEE-5l144,00:00:09
U1GTgDQFE4A,00:22:08
ld1VJbnuQhQ,00:02:08
Mt1tPcXFc2o,00:14:14
PRAw8oym-gc,00:00:38
fCUrCNiA0j0,00:04:11
Srynt0c7cxo,00:00:19
-tmNYtAE0B8,00:04:18
cqjn3mup1So,00:09:12
bZUoLo5t7kg,00:04:06
cUC69Zd3euk,00:05:04
TUlkGTBK4-8,00:05:30
EWoMjuN5OH4,00:05:56
7aPLDsIrN9Y,00:05:44
dIZvr-j5lpU,00:01:17
JeDQmgBedCw,00:10:39
McOu1DAu9TA,00:32:45
-2EYTEQ8tvw,00:13:02
GLSIozthOuc,00:03:25
MlJrAhGVIis,00:03:45
L1-zCdrx8Lk,00:03:24
bGn_9Q_3zqY,00:02:29
cKy2qng7UDg,00:02:21
8kjVFp-Y4GA,00:08:55
1VdYat6Yqxs,00:05:34
wjTJVhmu1JM,00:56:34
0wGq6yZNn60,00:18:38
d6SR_P2NvMM,00:18:53
baJqmJ-xjRM,00:04:00
1gAbacAOMfY,00:02:36
coIYTe7yAgE,00:02:02
qHgM5UdzPQU,00:12:39
_jbHGZLw3AI,00:00:33
aMgpSuKVAac,00:01:10
7PQyant3mCc,00:00:47
-IbkTDmJGbI,00:02:10
d4F9jvMBk0Y,00:02:23
93uRrjYW-bw,00:07:21
3LUA_vpjfyE,00:10:00
5QtfVHdGYhc,00:02:45
FpGGpgSEU94,00:05:56
MfB1YJR73LQ,00:09:12
Xw7NBrq4JyQ,01:30:05
O2ksjixLpSo,00:00:43
w1istRFmPrc,00:03:49
ar-p8qTlq8s,00:07:18
f2nMqNj7vxE,00:12:57
x1lKrZ9S1-g,00:59:45
fYv8xHWQzYU,00:00:27
a_WbAyayxRw,00:04:01
tOzDYmgzz_s,00:02:30
FyymyuDPRgs,00:10:06
fMvO0Mcq894,00:55:29
qUDAkDvoLas,00:11:57
EUnV-fCY0Pc,00:06:47
Tb6iM-co-rY,00:00:30
yeseXZiLib8,00:00:43
KxiIQTHQcUc,00:28:44
9m9y1H5G-A8,00:21:13
zzLc7HVIRsQ,00:04:14
-e9QzIkP5qI,00:20:40
m2tIgt4eLx4,00:03:24
eZBTLsv2ktM,00:04:03
zjZVOKotohg,00:17:06
VFmyZg7zJ3s,00:07:28
Ag3amC68jaM,00:01:55
4ZMSPoAeX80,00:04:30
jP9mLe2nAN4,00:06:03
Wzr-nnbeUuI,00:00:47
Ku4ohUSVU_A,00:04:42
cWddE4Bo5fA,00:00:21
H8NiFkGu2PY,00:06:30
Qx9VbYA2ngY,00:00:14
y__rjR0woBM,00:05:44
AVC1m8mkSmE,00:08:30
UlGaZDS1a1g,00:01:41
-lUir176E14,00:06:02
s2piwpD9X3M,00:03:59
B3Du005csEE,00:00:54
kojg38In-Iw,00:14:36
9hxWWP5TN2M,00:05:46
TlCGU4nLBog,00:06:17
NqR2QU6uUsI,00:02:37
6n_zA2Nd9vo,00:07:33
gRAt6eCMSb4,00:00:11
sr652iiyF9M,00:00:40
tII93l1qfIE,00:00:23
0e_p2HNUgUM,00:07:05
wEl62rrKKfg,00:14:29
JUlVbxvO-4Q,00:02:26
eq9fP87ddJ8,00:00:17
pShj3gtYQik,00:15:08
Lt8cqZC2JnQ,00:06:40
Iy8wR_mHXCo,00:00:59
nX7GAJULn60,00:08:58
MGOYAt9Rn8Q,01:00:02
PR2wQw4pWKs,00:01:42
nH7_i3ctn60,00:57:48
KGTxD_u6EPk,00:01:55
HvV9a3lEe2g,00:04:51
MTN_j66HPl4,00:40:36
TbIh01DEGTo,00:03:47
ta8OtsFX9hQ,00:08:13
puQBOI4xyTM,00:02:06
75aUjcYr6vE,01:05:23
HmAEzp1taIE,00:09:51
dVMuWFz5T0k,00:06:13
_QXH5MaoKEE,00:01:35
rHTV3kVOk20,00:11:43
QN6FPiD0Gzo,00:21:37
sn1Vg8A_MPU,00:29:29
ZRS-5I9-Bac,00:10:01
GL9-i9tcESU,00:07:35
xDtrepeaATY,00:01:13
aEjfHV0YbII,00:22:33
JCPjaburtAs,00:49:09
12R7tDQKvtc,00:01:49
8wy7p81scys,00:10:20
DMGPjLhWjU8,00:19:06
Ybu34pxc5ds,00:00:37
T-guvzhWPnk,00:02:27
oc_qzTj26-k,00:17:15
Rb24gzOeg_c,00:03:10
HPQW5ouimws,00:00:30
dTSfcdQyKjY,00:00:27
J4eiYft23BI,00:01:51
QSuTH0C_3_Y,00:04:14
jYnVi2ArGYs,00:00:37
T237fjt35Yk,00:03:16
cDQfnZvt54A,00:28:07
4rtvDdIugdI,00:00:18
kof5DsLJnng,00:00:39
GlY6gVdlcgI,00:11:53
0LfoK3N4CeQ,00:18:32
8CaNhOgaijU,00:01:14
Ag53COLCJoo,00:05:11
SmcBTsPsbIY,00:03:49
iDuJa2b1QtQ,00:04:41
Gjni7UgC35M,00:05:04
WcZvoedWvkQ,00:01:50
WQdk5hjxjG4,00:04:04
vgatCIQykpU,00:03:29
4VpEStkdO3E,00:09:46
xOKO9EDK-Uk,00:13:08
bzSSfBgkWfc,00:01:13
r4ad_S5nkSc,00:59:29
2EXloszVSpo,00:54:02
x5LkaZlLT28,00:04:40
85eINAowuMc,00:08:56
v8juW2d2tYc,00:52:06
9EV7upz6pSw,00:00:20
4i9XiAPQTn4,00:04:15
xvqH_ck-5Q8,00:27:43
hRVfMTuFJNE,00:16:36
Gn_C91cGsbw,00:09:37
vaar9qLU1wI,00:05:58
YXJofaiGimI,00:02:18
v_8rdQjOuxw,00:18:56
EZH4pqzjMoc,00:03:16
iqPMnwXhXnw,00:57:11
Z_jhNuoczfw,00:48:18
7v35QFdu4ZE,00:01:42
D3Y26wv5izA,00:16:36
lvHeALIBtoQ,00:02:39
Z4HOLxIkpj0,00:08:02
3TSCL8Bj37g,02:12:48
22jIHfvelZk,00:59:00
LLtp49TU1H8,00:16:30
E0kg5V88gY4,00:06:18
1MKhigIml3E,00:14:56
ZEOubc5i_n8,00:14:31
2-7XOV26ywY,00:05:57
Rqr5koP4iB4,00:00:30
It7g2DDIkDY,00:07:07
4Bi8nptcYv0,00:22:11
pHBkDFn9e1w,00:00:18
J4Ce524e7HM,00:17:23
M9-1Va5hil4,00:01:06
f5oSFwpl2KI,00:04:19
SlqUbzvuqDg,00:05:39
T2nxRF62HSg,00:00:12
rF3TfkknQK0,00:10:06
LQMYwvM8RF8,00:07:46
jzXy9B44FJ4,00:02:46
LxCnWp08JUU,00:07:10
4qhz7E59QBs,00:06:10
r3KcRhgigy8,00:00:44
ySCMcmGlyqE,00:00:06
RUbs5qK_YKQ,00:01:50
yaDKR4TH_xo,00:06:18
_eZ9_vs_9gA,00:02:59
nSzuHnkcfo8,00:13:29
bWYJEktyim4,00:01:00
0lTSERUFuQQ,00:04:20
ae_DKNwK_ms,00:03:19
zez2Tv-bcXY,00:42:33
2IahEYj2RwE,00:04:35
H5lkmKkfjD0,00:08:22
Z248Yyz7NBo,00:00:43
IskQIJSMTZ0,00:04:32
UU0tLHsMaOA,00:05:23
keZHqsQ-r6I,00:55:21
SCzIEk1DW4w,00:00:19
p04cmakotoI,00:26:08
vsCfgbfhyWg,00:34:38
xfRdYrQUQeQ,00:08:22
Z9Wc8EsGjJY,00:06:20
CZi6QqZSbFg,01:05:57
lrayWWmzde4,00:04:45
NZSVOo2aPE4,00:10:45
kpRsj8YtkUs,00:00:23
KAr2cjLPufA,00:59:16
uMIrS6F9_qY,00:03:28
b5Xi1LfeJdw,00:03:08
NeeUYdQzfL0,00:02:03
PYje-4D76kc,00:02:59
mUBF_kUc86A,00:02:05
R4vJK2zvUHc,00:01:30
YxFb6un19kg,00:00:30
MD5n6pK3Djs,00:07:59
ioHS_jE0iXM,00:00:30
XNCXoYleJ9E,00:01:30
3wm5QzdddYc,00:04:17
umtgJNiWyEw,00:11:36
2DKRmhBmH7E,00:06:27
P25xjzZsy-k,00:31:58
xJ7ewCirmWE,00:03:25
W8eEKEoJGv4,00:01:53
moPP3ahMTX0,00:09:24
LxyTT_dMF0o,00:10:27
JcJoWpJbWuQ,00:00:08
YGRkdHfPbEQ,00:05:29
rYeqygKAZoM,00:09:35
BbrNbaQJaBc,00:02:01
JE6gHNEtnFM,00:00:26
uk0Ytomv0wY,00:21:17
dtlLIllpl1w,01:02:38
CzV94jR0KQM,00:04:33
VH7GgzkBD-w,00:01:25
fIPr5ZB-mIM,00:02:25
HD7RycuBbsA,00:06:44
-_tIL8JQ87A,00:01:00
E9nS0m3N9uU,00:05:07
oBqeDYETXME,01:19:17
EYuPBkgJtCQ,00:10:51
nZjY-QVELsU,00:09:49
QA4jAAH906c,00:19:26
vBm4iXfFbW4,00:12:17
wKaoxUasPeY,00:07:00
Lt0ASrloGSE,00:09:27
F7mR2a7a4dw,00:01:51
DHAAy4GJ684,00:08:20
ppaTEUbvBaY,00:00:26
KPV9RTQ9qbY,00:24:22
gA9wbTamhJA,00:00:56
Q6AGkTA-mrA,00:03:48
czVeSFH4dWc,00:12:29
afIr-zfdXAc,00:03:54
kh1yYWbsLYE,00:13:57
XwSG6eqDcw4,00:01:34
0s5kBrk0d80,00:13:03
v7-sLgDRxCQ,00:01:47
2NWeucMKrLI,00:05:14
h21RtZtJljw,00:00:56
vCIZ7BJ843c,00:00:15
_Ll0PIobErE,00:32:06
MnPBQ0RjHOo,00:03:58
OrDjGp_y1H4,00:07:50
4agL-MQq05E,00:08:19
fCjjLleIEnA,00:14:42
0kFjOz05d2k,00:04:03
3ZCpq112oHQ,00:03:38
tLqHRI8CyCY,00:00:23
Mtd457v4oN8,00:09:00
mbtCzHwkWPU,00:06:55
lglGKxNrLgM,00:09:41
hhR3DwzV2eA,00:15:00
TOrDUf7PAMk,00:03:41
F6O_ErUKS-I,00:05:15
ApsoSE5oKxs,00:04:28
4E_5IMD0iso,00:06:26
_18jScHNEw8,00:02:50
QZiXcn_vSzo,00:00:08
0jjNjXcYmAU,00:56:42
pSiIHe2uZ2w,00:07:39
s6_meQVkwgc,00:08:59
k7lfzrvNzdw,00:05:07
5pJyKzON8Ww,00:04:39
FSYsHmW-zGg,00:11:16
H2h0tz5KfPw,00:57:23
ZPkgTBJMH8U,00:13:59
iU-vDR5wT38,00:00:44
ofAYEeqjfMk,00:01:38
B-2nzWfJE-k,00:02:46
G9IiLdCEEtw,00:00:51
5nu6l8ERUFs,00:05:00
kKKC1q0I918,00:04:29
8C8NnE1Dg4A,00:56:47
WZYKzCsACiw,00:15:43
LdvMJ45x7v4,00:56:16
kdz_7EewWfs,00:00:29
uzTAmYMopkU,00:08:50
xtxKVvBfSW0,00:01:53
7vx6RDydAPo,01:05:08
rux8cc29swQ,00:03:21
DUy0GDgsiho,00:15:42
xM4aEnp04ZI,00:05:55
XNqL9sjjWRY,00:13:46
5kEwW8HxDqk,01:01:03
YFr1CcReUEo,00:20:21
b4ozhlaUnRo,00:02:11
UnF-9Xnt6mc,00:08:24
L9AdgaC044k,00:07:12
_O1DeuP8bBw,00:32:48
YcJGbYZjJfk,00:02:00
l7fV8016K6g,00:00:32
XBFc4aN-EzM,00:02:37
FO8Vji3HG4k,00:03:46
8flDvVxqYLM,00:00:51
P4AhXyyabDY,00:25:03
xjrvn42vfnE,00:06:10
jfo2IOoSD8s,00:14:57
A9ouSdcpmX4,00:18:49
oiSXEAn0L2U,00:56:40
CzZ6KodVKJo,00:13:21
60UsHHsKyN4,00:34:14
18v-fb_TepU,00:06:49
w9mzbiDjGYY,00:03:44
44R2IbzTvt4,00:00:37
alc5OWoLDkY,00:07:34
U2QvTsMvWmM,00:09:57
ReUo8Y4HBDM,00:30:14
fnYyfZcgrcc,00:00:14
iWvcoIKSaoc,01:05:46
PuLF8iXeKA0,00:08:43
PWm2-4iAOIY,00:10:30
OtDysNsdF1s,00:12:12
bHr1BL7dw8o,00:06:39
Gatzemxyqtw,00:01:16
LLoTcwQxjdg,00:00:23
Ke3oFv6_xYE,00:00:08
uun_zdoniz8,00:08:45
6OCaJbL-kMQ,00:10:25
Iw894UT3yUg,00:25:26
UETLg4Gdufc,00:00:37
RlNPtBEZRkY,00:06:26
VIcZdc42F0g,00:02:16
uEz8ZLkw44o,00:05:06
WWs53zELeHM,00:05:23
IDHHsDAxMMM,00:00:11
bc3ysHc5RH0,00:17:55
Vs6AS1dMjR0,00:00:25
fBU1R7jp_TE,00:59:17
OiOBQ4HC9Iw,00:09:01
HsWQqMrZUbA,00:13:11
sCtY--xRUyI,00:09:50
Id3YWCHNw9M,00:00:19
AbVjDz3uU7M,00:00:42
jYAeVZiHy8U,00:01:17
bg2OoLwgs04,00:59:46
miuUIfpaC40,00:02:16
r0-zVgq-cVo,00:04:47
Yn-IyimKEWM,00:00:07
LtMtVf4MZLc,00:02:51
wUaiikDVX1E,00:03:30
7WwEjjn2hXc,00:58:41
Jyc2brswNQo,00:04:45
nTtQwGoUUNc,00:08:02
CuFpCrUSCeY,00:00:21
O0xFVUZNvIk,00:02:09
RC7uE_wl1Uc,00:09:05
VnZbghMhfOY,00:07:58
UzxYlbK2c7E,01:08:40
HcxqzYsiJ3k,00:05:04
DOHvhYl6wOs,00:01:42
hEhoD4Ep1Z4,00:00:15
O6CjBRGm4vY,00:01:04
IIgVKIVrlPo,00:07:46
dYj-GmOesBY,00:02:22
E_G6Va2odeA,00:00:19
AWXDviixmLs,00:00:18
or6DnZ_2VT8,00:09:52
9F_8AC8Xelw,00:12:02
sNKKxc4QHqA,00:02:58
EowYG2DovZE,00:27:08
bMg_j5_AGMg,00:02:29
hs98ZjLqCMQ,00:04:13
Ts2aYZD9z40,00:24:26
mN_DR64Jy1I,00:06:20
fTAUq6G9apg,00:04:14
cyAvUaPcvss,00:21:43
YvhWtfSytQU,00:00:51
AD1n9XYvRPA,00:00:51
fz-cmOS5878,00:03:49
K4hUww7Yf48,00:05:20
r-ziiln0Hj8,00:07:09
pPhI3-eaGcE,00:14:41
STamcY4z2ac,00:02:36
0SFuzrVvL_A,00:06:31
v7B_8IbHjxA,01:12:31
DeTh6NWHSMM,00:02:14
qJ4Kzk6mnFc,00:09:56
49fjsyvvPQQ,00:06:53
CsZPoe6Nruk,00:05:41
SE-gMYZgUys,00:04:10
xfgcEjCd9as,00:15:13
8sfm5IRMnF0,00:02:55
vB_WRTJW34I,00:00:22
VdvL8kFBubU,00:09:05
EL30-a2gblQ,00:10:08
AYDke6jPiIw,01:15:30
QniXBN9SOyE,00:00:30
0xcCNnWEMgs,00:11:37
DNpGlTGHGII,00:00:55
_gCwCOhMcog,00:48:08
AmsG18EyDY4,00:50:19
hCFO3PYujuo,00:05:25
Mp0f0zTPLec,00:04:17
YJOnFMjoec4,00:00:57
SeleR7PDs5Q,00:07:16
L3X4pErx78I,00:07:09
RsRPDqgfL1E,00:04:09
hYzFeBT63eY,02:03:13
_VDL57-tZ8k,00:02:07
Ev-Ga4YusFo,00:00:26
tR8Q1iZBv3I,00:01:27
1kLw8kZuccQ,00:06:41
SKqupoFem70,00:02:57
SZQ6-pf-5Us,00:13:46
G-wM9Y4LAxM,00:02:04
O3EyzlZxx3g,00:03:29
qua9YJ6fWJ0,00:08:38
OsB09djvfl4,01:24:30
nR0aNcWQn_I,00:01:42
FtxJOdIPeuo,00:00:25
TMBgvCMvSiI,00:13:00
6DPkyvkMkk8,01:08:18
_JwVlbzOaP0,00:11:39
uRiKSJAnmeA,00:09:49
puLahL4-4sA,00:15:26
84mmWFc_0dI,00:00:25
RZ9lvPRxwpg,00:04:59
-zW1zHqsdyc,00:58:01
r887APeOeKw,00:01:49
Ve8VV8zN-Hs,00:03:23
LpZYYd4o1YY,00:09:55
7lztE-O8NoU,00:07:13
WZXq5_9_JDs,00:08:35
aEh9ncKLgCs,00:09:54
gM2NMJFKILE,00:00:55
m9IbNbJfiRI,00:42:50
GmlnfQnH7Pw,00:09:12
Ug_6JL2psyM,00:09:53
TX-elwba_vI,00:13:16
QJrgM38b26o,00:00:17
ERuOdjZ_p-8,00:02:55
FV8lM9SIFQ8,00:02:52
vlKIcnbRHpQ,00:00:18
l1suIHevoKU,00:00:16
xwbDO2GOVSY,00:08:17
d7tti20ZWCs,00:00:41
cmCUdbOZPhg,00:06:52
8uWeDuaQh6o,00:00:29
ft2hu1lc8Po,00:03:59
vHndI9Izywg,00:10:47
_IIbntbY_Jk,00:00:30
zTTzIc1zJ3s,00:13:08
UxHFB5_CSXc,00:05:32
Q4XCNPMzaHo,00:01:46
v3j8XftvjXo,00:02:24
5ibaF9HlyNo,00:02:16
RAh8X_yUj-8,00:03:52
gYghZ4YSrJE,00:00:44
kazzEBR01RM,00:01:26
O4Y0D0jC6to,00:03:50
krZI60lKPek,00:52:02
Q0POc7qZKvE,00:02:15
MefRKIml_1w,00:03:41
GF8OxmMeqVE,00:02:22
Q5y8oGSH3NE,00:02:18
VmDUgxflYSQ,00:04:23
B5QIp4rv1RI,00:00:21
JObPsPBvQM4,01:01:15
ExuBpRu8bD4,00:06:14
V2AlclfSm04,00:11:24
hG_3UHepr_M,00:08:40
ZWQ8TbePN2U,00:08:03
UztjkDcECkw,00:08:36
Ekl21W7by_k,00:02:44
k8x5rPPeZsg,00:52:29
waJM9xpPFhU,00:08:51
vS5BXdRagpE,00:00:35
6T4A67LtMAY,00:04:13
miydHp2y_Rg,00:08:00
FLpJ2jLZAYg,00:00:42
3ccMOOLS6xY,00:09:17
_JCsqdNf8bA,00:03:28
RRXe1omEGWQ,00:06:29
f0izAg3FUcM,00:06:28
U0WThYH8Cfg,00:03:04
9EgVw8nUDGc,00:00:19
Rc6qmV2V8y4,00:04:53
hf7VsCLr4Yw,00:43:56
veDajxjgkmc,00:00:24
Cq1h1KPoGBU,00:16:14
m1-mdYSmnMc,00:01:52
g7O6R8loCss,00:02:42
PcNwt_UOGKA,00:04:27
KQSkUs6TfgM,00:00:23
G4AADG7mryk,00:00:47
OTZ5KgMZDTA,00:00:21
ltGHIo6ENio,00:02:51
WG-7h5uMadQ,00:01:52
vPnajSbemUM,00:06:34
zX5q7G8H_t0,00:02:21
84KE7OwMjYY,00:06:23
Wne_og9k1vo,00:00:52
obTxwzzwc3g,00:00:29
a0FliKwcwXE,00:58:48
QuSyiq3Up0Q,00:01:26
asLUTiJJqdE,01:13:11
k0pjD12bzP0,00:04:31
yuoTCiChzNM,00:04:23
R_S17R4JxS8,00:11:58
3RwTcbqffQY,00:01:25
rkrPlzgDEcs,00:07:51
sylI7VbleIg,00:06:57
wiZM1zWBlfQ,00:16:41
zzoK2U4ecnw,00:01:18
4GA6QPNNwe4,00:00:29
ZwDE9Fq0gr8,00:01:43
5u2lQcW6VBg,00:03:21
Pganyj1dVVU,00:02:54
g9oMn4mEx14,00:11:29
cEttU0tFE9s,00:06:35
KssngdOOXnw,00:00:39
Z7UCuuMKT-o,00:03:09
FNZ5o9S9prU,00:05:58
8ViFuvTezIc,00:07:52
c1TpLRyQJ4w,00:05:08
uk9icGlODOc,00:00:27
okHViW6aaVE,00:03:26
ELI4hm4ABVc,00:58:54
gzDDwcRjiQ0,00:03:45
ZPCc-uhfi0E,00:08:30
sf_9w653xdE,00:08:49
6A41gVJ3g2g,00:06:20
unSipt_aAps,00:00:11
hQlFDhuuo4c,00:01:45
uDNb8JL0vv8,00:55:00
bxgT6C16_YI,00:00:31
iWx3yyFMWQA,00:04:51
hYoodTm0hXk,01:09:11
IcNGbWR3d-E,00:00:35
xQ0ONbt-qPs,00:20:17
UMZ1v_myeTg,00:04:37
2L3jE5hx5VU,00:14:36
97iK5r3zNug,00:09:01
vBX_8gemWBw,00:00:16
vU2HDf5ZhO4,01:36:57
7BnGZCvFFJs,00:05:12
Am2is2QCvxY,00:59:51
3gZ7F31Mwi0,00:07:36
b7JEHT0ujtg,00:00:23
8syQKTdgdzc,00:11:03
MfhjkfocRR0,00:07:37
JqXAcD1UfXM,00:06:32
jypTyvpbGSA,00:01:12
wpSE9BJKepE,00:00:35
X5F9ba12uR0,00:08:38
Twi5XIAKjPg,00:04:03
DcflYUXWNVA,00:00:11
bLpFtF18j3I,00:03:55
m4Pj5fd-AK4,00:01:39
IpGxLWOIZy4,00:30:53
CUIXKiq84rY,00:00:23
t9Ww_Gn7Stw,00:34:25
d_sKmTkNtZ8,00:05:35
XKcRf2R5h4o,00:03:27
Wqqv4kdLiu0,00:10:51
8eZ8YWVl-2s,01:02:31
Z2ocZSmtQl8,00:04:58
mTE5jaXaOuE,00:04:58
fji9kJS6Ebo,00:34:42
nLX8xaysUMo,00:51:41
p7sBHhmdVf0,00:17:49
CBdyld0U5pM,00:04:23
TRXFPPSM3zQ,00:17:19
6nIZYEMf-8U,00:02:02
ls5-Nlfk83s,00:01:26
1TBKSGwHTgI,00:28:33
p4MK_R8ULBU,00:01:53
ZtK89kVLPzM,00:06:58
SNuR_JLmHZQ,00:04:23
1Js3KpE0COw,00:03:41
Rub-JsjMhWY,01:10:33
Qf6peB0Ukf0,00:02:40
RQ0JHMGiobo,00:24:20
Apmyy6sp4zU,00:01:18
s1cZRo1co4c,00:06:11
f7mtu-dhyIM,00:03:37
5plFlvAI7Ro,00:02:41
NNLvY9O7ufU,00:12:47
w5Z4JlMJ1VQ,01:06:22
--prnKeYJ78,00:05:11
WVO6G_ULF_Q,00:19:25
GDipXyQMeCc,00:01:00
kAXP8a1zuHo,00:19:15
ajOYOxCanhE,00:04:27
_6TFVzBW7oo,00:12:57
ik2QS47cOuQ,00:03:33
7SC9-UCVYFc,00:05:16
RFdqZrpKZiU,00:06:38
dxBxnYBoVz0,00:02:18
ouLxs8UHxjg,00:05:20
5j7pcmWl2bk,00:04:19
rajddg7gbnI,00:07:10
14tHiIe64tg,00:21:17
jpxXjkIsnmE,00:38:03
PbjwCUfopmA,00:01:11
JM92FCq1WNg,00:00:16
EtbJCAtX0Ps,00:56:33
jXaQ53U-Kms,00:00:45
W0aoAm6eYSk,00:08:44
fpvULH_V1Xc,00:08:25
Qw_3EOp6fvM,00:03:33
Oqw0Y1EkjaQ,00:00:56
tx5m6tfp3Y0,00:00:22
mKiTAcXK6M4,00:04:57
2Vo3rm5mnA4,00:00:34
PMQRjebJt9I,00:10:09
fme7hS2m9Jw,00:00:32
A5tJaiCfU5w,00:01:41
KptRH6_qC70,00:11:49
Pj_mjjUQad8,00:01:05
brttLXw-lt4,00:04:33
BD5otQgzMEA,00:13:34
9gq9uTe2XaA,00:16:04
ZpeQC9d96LI,00:05:30
HGwNczk1n0Y,00:06:28
r0FDn8TjtnU,00:46:31
Kzzwf2q8leQ,00:21:59
MELIDxjsyu8,00:01:12
N_Uyvvsn5yQ,00:07:30
wCiKdHMDbEo,00:01:43
Xjzm7S__kBU,01:16:36
CQfao4t7vxk,00:03:00
P3MXKD3l5lU,00:01:01
jtlOOOTpZYM,00:08:10
-tQUqvfvaLU,00:05:31
Zo0JFtNymPQ,00:01:41
HgwhvfKcMMw,00:05:06
ieUhyQAOF8w,00:00:43
rMAEpaPW2XA,00:00:30
eDPuoBPNB8k,00:08:15
VvbTP_k_Df4,00:56:26
wFeoYp7SmV0,00:01:03
GOCgl88hyzY,00:15:37
h0e2HAPTGF4,00:51:30
FwzTeSU4t7I,00:00:49
ImyeuwsA0oA,00:37:26
GaT8uMDtEZo,00:06:00
ZTqHjjm86Bw,00:58:02
JTttg85xsbo,00:10:57
X_7VIkTPHBo,00:07:30
1u3QxyI4xPc,00:14:42
GljL58Tkd54,00:03:27
gDSDJNHfDEc,00:03:10
PT2k6Fu6vK8,00:35:00
Ct8ykaKrKOA,00:10:38
frPBwUDGLEI,00:15:52
qMqWoT016cA,00:04:47
0.0,0.0,0.0,0.0,0.0,0.0,0.0,0.0,0.0,0.0,0.0,0.0,0.0,0.0,0.0,0.0,0.0,0.0,0.0,0.0
0.0,0.0,0.0,0.0,0.0,0.7566209754626672,0.5298484730351822,0.31921445785355584,0.6801987115694663,0.7585121581507687,0.42428165405322427,0.0,0.0,0.0,0.0,0.0,0.0,0.0,0.0,0.0
0.0,0.0,0.0,0.0,0.0,0.6804767140088056,0.5298484730351822,0.31921445785355584,0.7998720399075353,0.7491014584850106,0.41085895224445323,0.0,0.0,0.0,0.0,0.0,0.0,0.0,0.0,0.0
0.0,0.0,0.0,0.0,0.0,0.654114620540532,0.7808081705604343,0.31921445785355584,0.6011143507385689,0.7491014584850106,0.41085895224445323,0.0,0.0,0.0,0.0,0.0,0.0,0.0,0.0,0.0
0.0,0.0,0.0,0.0,0.0,0.654114620540532,0.7732587852813713,0.2823977368218729,0.6011143507385689,0.6562573104701501,0.21837224748354742,0.0,0.0,0.0,0.0,0.0,0.0,0.0,0.0,0.0
0.0,0.0,0.0,0.0,0.0,0.654114620540532,0.7619558059358724,0.47613591227913105,0.6011143507385689,0.6562573104701501,0.21837224748354742,0.0,0.0,0.0,0.0,0.0,0.0,0.0,0.0,0.0
0.0,0.0,0.0,0.0,0.0,0.6550606404099866,0.7595336696631788,0.604975465093907,0.6011143507385689,0.6562573104701501,0.21837224748354742,0.0,0.0,0.0,0.0,0.0,0.0,0.0,0.0,0.0
0.0,0.0,0.0,0.0,0.0,0.5599755130176229,0.7595336696631788,0.604975465093907,0.6011143507385689,0.6562573104701501,0.21837224748354742,0.0016703845912613329,0.0,0.0,0.0,0.0,0.0,0.0,0.0,0.0
0.0,0.0,0.0,0.0,0.0,0.5599755130176229,0.7578722917415169,0.604975465093907,0.6011143507385689,0.6562573104701501,0.21837224748354742,0.0016703845912613329,0.0,0.0,0.0,0.0,0.0,0.0,0.0,0.0
0.0,0.0,0.0,0.6026129840757364,0.0,0.5599755130176229,0.7051388991954081,0.604975465093907,0.6011143507385689,0.6562573104701501,0.21895720483313222,0.0016703845912613329,0.0,0.0,0.0,0.0,0.0,0.0,0.0,0.0
0.0,0.0,0.0,0.6026129840757364,0.0,0.5599755130176229,0.6925650907476112,0.5862616842228722,0.6011143507385689,0.6562573104701501,0.21895720483313222,0.0016703845912613329,0.0,0.0,0.0,0.0,0.0,0.0,0.0,0.0
0.0,0.0,0.0,0.6026129840757364,0.0,0.5599755130176229,0.6925650907476112,0.5862616842228722,0.6011143507385689,0.6562573104701501,0.21895720483313222,0.0016703845912613329,0.0,0.0,0.0,0.0,0.0,0.0,0.0,0.0
0.0,0.0,0.0,0.6026129840757364,0.0,0.8176043813808186,0.7080384526000114,0.5886895197705453,0.5943596382492389,0.6517926927317181,0.21153492670319554,0.0016703845912613329,0.0,0.0,0.0,0.0,0.0,0.0,0.0,0.0
0.0,0.0,0.0,0.6026129840757364,0.0,0.797162934370941,0.6298217725928631,0.5886895197705453,0.5943596382492389,0.6517926927317181,0.21153492670319554,0.0016703845912613329,0.0,0.0,0.0,0.0,0.0,0.0,0.0,0.0
0.0,0.0,0.0,0.6026129840757364,0.0,0.797162934370941,0.6189254601656358,0.5886895197705453,0.5701504437875657,0.555302421064494,0.2345345327451833,0.278344843832498,0.0,0.0,0.0,0.0,0.0,0.0,0.0,0.0
0.0,0.0,0.0,0.6026129840757364,0.0,0.797162934370941,0.6189254601656358,0.5886895197705453,0.5701504437875657,0.555302421064494,0.2345345327451833,0.278344843832498,0.0,0.0,0.0,0.0,0.0,0.0,0.0,0.0
0.0,0.0,0.0,0.591106723650649,0.1196752639914317,0.5798694891558496,0.5082200397734437,0.5645352781226516,0.5741457670930217,0.5535059357231767,0.28468888749893617,0.278344843832498,0.4575788715496416,0.0,0.0,0.0,0.0,0.0,0.0,0.0
0.0,0.0,0.0,0.591106723650649,0.1196752639914317,0.5788814843461842,0.5082200397734437,0.5645352781226516,0.5741457670930217,0.5535059357231767,0.28468888749893617,0.278344843832498,0.4575788715496416,0.0,0.0,0.0,0.0,0.0,0.0,0.0
0.0,0.0,0.0,0.591106723650649,0.1196752639914317,0.5739320954452232,0.5082200397734437,0.5605366112163784,0.5707008649736522,0.5535059357231767,0.28468888749893617,0.278344843832498,0.4575788715496416,0.0,0.0,0.0,0.0,0.0,0.0,0.0
0.0,0.0,0.0,0.591106723650649,0.1196752639914317,0.5739320954452232,0.5004523753452632,0.49729660036098394,0.5707008649736522,0.5535059357231767,0.28468888749893617,0.278344843832498,0.08327284418183922,0.0,0.0,0.0,0.0,0.0,0.0,0.0
